student_id,age_year1,income_year1,pFinance_class,pSavings_year1,age_year2,income_year2,income_change,pSavings_year2
1,17,40042.01275148667,Second Semester,285.21,18,55693.71475286568,15651.70200137901,531.66
2,18,39600.449562338064,Second Semester,288,19,63915.33256475386,24314.883002415794,606.07
3,20,49820.197594233374,First Semester,349.1,21,51632.20954245863,1812.0119482252558,414.14
4,18,48678.24867143265,No Class,333.39,19,30629.27338245448,-18048.97528897817,248.15
5,18,24506.57225249568,No Class,212.53,19,51050.733542216294,26544.161289720614,350.25
6,20,60405.73455719376,First Semester,402.03,21,38408.274819341525,-21997.459737852238,340.01
7,18,52497.2573598519,No Class,352.49,19,40750.89011167764,-11746.367248174261,298.76
8,17,74162.07373148328,Second Semester,455.81,18,40230.91596203283,-33931.15776945045,368.22
9,17,56851.98238051097,Second Semester,369.26,18,42608.11729261809,-14243.865087892882,455.72
10,18,45530.40691038008,Second Semester,317.65,19,62939.85545084527,17409.448540465193,599.39
11,19,77973.91146958095,First Semester,484.87,20,42268.946554789654,-35704.9649147913,456.66
12,18,78322.26023915508,No Class,481.61,19,46389.84087349386,-31932.41936566122,326.95
13,18,37812.881837098204,First Semester,279.06,19,52933.82134470266,15120.939507604453,533.85
14,18,54690.31955955424,First Semester,363.45,19,60348.98606858149,5658.666509027251,513.2
15,17,47887.5308136785,First Semester,324.44,18,43999.59739421266,-3887.933419465844,403.59
16,20,51870.51146554013,First Semester,359.35,21,42324.64942936505,-9545.86203617508,383.56
17,18,52275.427285688136,First Semester,351.38,19,45554.53491675467,-6720.89236893347,435.48
18,17,37380.99537130948,Second Semester,271.9,18,38696.95365804955,1315.9582867400677,429.62
19,19,52855.89580242561,No Class,359.28,20,60660.350169433026,7804.454367007413,403.3
20,18,67492.47363141796,First Semester,427.46,19,28089.43959196108,-39403.03403945688,319.19
21,17,48359.099958651976,Second Semester,326.8,18,45459.23318777355,-2899.866770878427,426.68
22,18,48370.73289301546,Second Semester,331.85,19,35868.02976801431,-12502.70312500115,363.98
23,17,63985.72006337467,First Semester,404.93,18,30453.759766007348,-33531.96029736732,293.12
24,17,58983.96240682948,First Semester,379.92,18,51300.91106933225,-7683.051337497229,519.95
25,17,33515.051816187144,No Class,252.58,18,67151.47444388916,33636.42262770202,425.76
26,17,52285.569732621865,First Semester,346.43,18,68163.72372539813,15878.153992776264,543.35
27,19,66535.47234677733,First Semester,427.68,20,45090.84981229597,-21444.622534481357,403.95
28,18,64152.763499191424,No Class,410.76,19,43681.96506055844,-20470.798438632984,313.41
29,17,54199.5160381423,First Semester,356,18,45348.623813548336,-8850.892224593961,337.79
30,19,57212.20807112894,First Semester,381.06,20,58456.15743373044,1243.9493626015028,501.92
31,18,38030.64787811317,No Class,280.15,19,24102.18188870978,-13928.465989403387,215.51
32,18,53001.31566881373,Second Semester,355.01,19,53600.85498143405,599.5393126203198,483.17
33,19,40455.51064812178,Second Semester,297.28,20,46741.82599942069,6286.315351298908,478.56
34,19,45419.81931903056,Second Semester,322.1,20,43188.64578306341,-2231.173535967151,453.52
35,19,59356.036837796026,No Class,391.78,20,29935.739671138694,-29420.297166657332,249.68
36,19,38631.06888308857,No Class,288.16,20,48838.82261327899,10207.753730190423,344.2
37,19,52669.182508730584,First Semester,358.35,20,33684.90388921339,-18984.278619517194,407.23
38,18,54283.32039471543,No Class,361.42,19,50839.26733148046,-3444.053063234969,349.2
39,18,50549.119698396295,Second Semester,342.75,19,41603.532386109095,-8945.5873122872,448.9
40,18,68221.88821835416,No Class,431.11,19,51486.35710392745,-16735.53111442671,352.43
41,17,39776.5267142475,First Semester,283.88,18,55840.542833529726,16064.016119282227,460.3
42,18,56061.302614356,First Semester,370.31,19,45710.74294442158,-10350.559669934417,542.2
43,17,49110.69432549333,Second Semester,330.55,18,40264.816209731966,-8845.878115761363,506.55
44,20,47391.677561660756,Second Semester,336.96,21,44576.70659518174,-2814.9709664790134,485.69
45,19,54640.91233852381,Second Semester,368.2,20,43992.36821624782,-10648.544122275991,426.09
46,17,39795.9940931607,Second Semester,283.98,18,35320.603794917566,-4475.390298243132,487.35
47,18,36865.49083481595,Second Semester,274.33,19,42803.508753984934,5938.017919168982,403.06
48,18,45055.19124516577,Second Semester,315.28,19,48969.2460839999,3914.0548388341267,486.97
49,19,67517.57149755448,First Semester,432.59,20,48681.250247106305,-18836.321250448178,486.04
50,18,50557.6477461252,No Class,342.79,19,54460.188268816564,3902.5405226913645,367.3
51,18,53314.34398227886,First Semester,356.57,19,64564.69509279717,11250.351110518313,497.26
52,18,48101.533623224605,No Class,330.51,19,54503.5458324706,6402.012209245993,367.52
53,18,54704.927319538256,No Class,363.52,19,66495.7632347916,11790.835915253338,427.47
54,19,40483.204569828544,No Class,297.42,20,44196.77737043679,3713.5728006082427,320.99
55,18,61579.104665686405,Second Semester,397.9,19,65182.018305003454,3602.9136393170484,548.88
56,20,55847.05260241352,Second Semester,379.24,21,57230.79353208488,1383.7409296713595,567.58
57,17,41935.47177308295,First Semester,294.68,18,38487.05670504266,-3448.415068040289,389.41
58,19,50545.532458119924,Second Semester,347.73,20,55222.79563109486,4677.263172974934,511.16
59,18,57163.31619499123,First Semester,375.82,19,38004.22517402049,-19159.091020970744,374.56
60,18,55577.30982054603,No Class,367.89,19,60945.92209476297,5368.612274216946,399.73
61,18,64819.34015876881,No Class,414.1,19,45332.66547721037,-19486.67468155844,321.67
62,17,43870.122451051495,First Semester,304.35,18,48520.843036115504,4650.720585064009,445.15
63,18,61161.36615490393,Second Semester,395.81,19,43864.86686609606,-17296.49928880787,492.33
64,17,60365.48009941219,Second Semester,386.83,18,42052.12793017489,-18313.352169237303,527.92
65,17,48375.16868097145,Second Semester,326.88,18,68872.46694656622,20497.298265594764,559.21
66,18,40240.73307178115,No Class,291.2,19,61413.94749047911,21173.214418697964,402.07
67,18,39108.54809115484,First Semester,285.54,19,58089.73730878821,18981.18921763337,551.28
68,18,54577.86957944971,No Class,362.89,19,51773.00956954134,-2804.8600099083706,353.87
69,19,49288.73266279106,First Semester,341.44,20,58731.50505279398,9442.772390002923,420.39
70,20,67791.0266685145,Second Semester,438.96,21,57947.98415761748,-9843.042510897023,506.04
71,18,55351.37960496204,No Class,366.76,19,67836.96628300351,12485.586678041465,434.19
72,17,46280.551248365045,No Class,316.4,18,59925.417671230614,13644.866422865569,389.62
73,19,39744.57751502886,First Semester,293.72,20,48835.0154321961,9090.43791716724,376.53
74,17,44175.98325394748,First Semester,305.88,18,48743.62409577109,4567.64084182361,449.19
75,17,53428.88392897331,Second Semester,352.14,18,46085.23807447067,-7343.64585450264,495.67
76,19,45490.65352943349,Second Semester,322.45,20,47180.745111433745,1690.0915820002556,403.94
77,18,55142.3012023069,First Semester,365.71,19,48514.818635296964,-6627.482567009938,439.97
78,17,46656.61947830218,No Class,318.28,18,63840.24787078179,17183.628392479615,409.2
79,18,48944.400912055244,Second Semester,334.72,19,26552.223856670054,-22392.17705538519,322.93
80,18,42694.90327192172,No Class,303.47,19,43630.61880169142,935.7155297696954,313.15
81,18,69050.43584908705,First Semester,435.25,19,49604.752446650105,-19445.683402436945,467.71
82,18,53326.21731470394,Second Semester,356.63,19,37525.7867605914,-15800.430554112543,339.33
83,18,52306.33640499451,No Class,351.53,19,68000.55640610808,15694.220001113572,435
84,19,33081.37585115933,Second Semester,260.41,20,48543.54283937549,15462.166988216159,544.6
85,18,56597.91899549327,No Class,372.99,19,39272.35962225729,-17325.559373235985,291.36
86,18,39763.76411120288,Second Semester,288.82,19,41638.055238487905,1874.2911272850251,450.53
87,19,41084.784256457024,Second Semester,300.42,20,60160.14920639112,19075.364949934097,488.64
88,18,59183.41171021649,First Semester,385.92,19,70624.59807529293,11441.186365076443,543.98
89,18,45472.993534917696,No Class,317.36,19,49695.18070997147,4222.187175053776,343.47
90,19,32516.277199968194,Second Semester,257.58,20,52123.80247745128,19607.525277483088,494.68
91,19,67699.04109889355,First Semester,433.5,20,41040.38186942141,-26658.659229472134,386.98
92,19,26225.930746074795,First Semester,226.13,20,64824.76946265642,38598.838716581624,449.26
93,18,55728.11529859585,Second Semester,368.64,19,58587.89772663268,2859.7824280368295,502.83
94,17,60172.492490846096,Second Semester,385.86,18,26542.83863999592,-33629.653850850176,362.31
95,19,43690.321333394655,First Semester,313.45,20,44225.05826891598,534.7369355213232,346.96
96,17,54442.870514115544,Second Semester,357.21,18,48541.76630941395,-5901.104204701594,500.85
97,20,54391.30388388555,First Semester,371.96,21,39364.312929504486,-15026.990954381065,470.48
98,20,60406.23152914512,No Class,402.03,21,48131.146156177354,-12275.08537296777,345.65
99,18,54840.993879525224,First Semester,364.2,19,39098.86788022596,-15742.125999299264,429.59
100,17,47551.162209074755,First Semester,322.76,18,54772.733514171014,7221.571305096259,423.94
101,17,59159.92057940211,Second Semester,380.8,18,54524.270020583936,-4635.650558818175,473.21
102,18,58006.223565097665,First Semester,380.03,19,59515.335707963495,1509.1121428658298,469.29
103,18,40634.30965864207,Second Semester,293.17,19,55372.78942730249,14738.479768660414,558.22
104,18,35992.12566004269,No Class,269.96,19,67738.19740796555,31746.071747922855,433.69
105,17,51602.77539993178,No Class,343.01,18,46945.55228847494,-4657.223111456842,324.72
106,18,47260.37625224817,Second Semester,326.3,19,28390.31464191748,-18870.06161033069,384.58
107,17,40144.60887437704,Second Semester,285.72,18,51269.42173733882,11124.812862961779,439.64
108,17,50839.306795150325,First Semester,339.2,18,57823.412872767716,6984.106077617391,403.52
109,18,36800.03473513094,Second Semester,274,19,46787.026205115566,9986.991469984627,512.49
110,19,51612.26351326199,First Semester,353.06,20,65709.20301514557,14096.939501883578,476.35
111,17,43750.7161245808,First Semester,303.75,18,62495.07112620372,18744.35500162292,527.32
112,19,59571.64274192481,No Class,392.86,20,56643.679638672766,-2927.963103252041,383.22
113,17,74244.89141161533,No Class,456.22,18,51732.63495663341,-22512.25645498192,348.66
114,18,40840.20756313208,No Class,294.2,19,45209.24335146526,4369.035788333182,321.05
115,19,60576.64170942975,No Class,397.88,20,49142.0946382896,-11434.54707114015,345.71
116,18,58251.497277682836,First Semester,381.26,19,55926.36740053421,-2325.1298771486254,478.29
117,18,49298.057756946415,First Semester,336.49,19,61161.86627660075,11863.808519654332,536.9
118,17,45463.53625942986,First Semester,312.32,18,47890.79610344952,2427.25984401966,484.16
119,17,65753.07706837484,No Class,413.77,18,43353.340786551824,-22399.736281823018,306.77
120,17,29945.42181763753,No Class,234.73,18,76993.86154959406,47048.43973195653,474.97
121,18,43568.05208406337,No Class,307.84,19,56444.850288671856,12876.798204608487,377.22
122,17,35631.56556342224,Second Semester,263.16,18,41512.16634395675,5880.600780534507,362.17
123,18,63953.13438946077,No Class,409.77,19,60775.28009160413,-3177.85429785664,398.88
124,18,48092.96567355143,Second Semester,330.46,19,51647.708227927455,3554.7425543760255,564.57
125,20,44753.288005303286,No Class,323.77,21,59681.28710947715,14927.999104173861,403.41
126,17,81840.44474066328,Second Semester,494.2,18,51543.8680018887,-30296.57673877458,538.99
127,18,49499.62732112372,Second Semester,337.5,19,50386.4949619253,886.8676408015817,478.49
128,18,45562.50688133476,Second Semester,317.81,19,51951.42201747873,6388.915136143973,503.57
129,17,52998.652501361445,First Semester,349.99,18,55334.19836905176,2335.5458676903145,491.09
130,18,34315.75379245031,Second Semester,261.58,19,44594.09981878873,10278.346026338419,507.6
131,19,54903.02642672067,Second Semester,369.52,20,44118.68608213203,-10784.340344588643,367.76
132,18,49038.367989200335,No Class,335.19,19,49059.818335536715,21.45034633637988,340.3
133,18,54685.25122530146,First Semester,363.43,19,52798.66503218944,-1886.5861931120162,531.94
134,18,40176.29364062146,First Semester,290.88,19,47667.54721967134,7491.2535790498805,362.94
135,17,39770.161578520565,No Class,283.85,18,54328.337905807966,14558.176327287401,361.64
136,19,43065.85336723815,No Class,310.33,20,39431.778167679026,-3634.075199559127,297.16
137,17,42320.10426907218,First Semester,296.6,18,35974.93624489254,-6345.168024179642,265.82
138,19,62990.499666835894,No Class,409.95,20,70866.11164133486,7875.61197449897,454.33
139,20,65791.4556180809,First Semester,428.96,21,55177.70968713327,-10613.745930947633,528.6
140,17,48431.080469609326,Second Semester,327.16,18,46831.20459935692,-1599.8758702524065,383.47
141,19,46410.634394153196,Second Semester,327.05,20,48060.442590851184,1649.808196697988,476.85
142,18,46709.611695783315,First Semester,323.55,19,59243.744575957375,12534.13288017406,423.89
143,17,50692.364778530165,Second Semester,338.46,18,48791.631450591754,-1900.733327938411,376.28
144,17,50969.04233701055,First Semester,339.85,18,53017.20712070518,2048.1647836946286,432.99
145,17,52900.3438776557,Second Semester,349.5,18,48220.38092596626,-4679.962951689442,519.93
146,17,42533.21058953744,Second Semester,297.67,18,45735.39389166403,3202.183302126592,487.63
147,17,41531.03611179681,Second Semester,292.66,18,57322.99304196268,15791.95693016587,488.07
148,19,61970.77663746084,Second Semester,404.85,20,52485.69286267656,-9485.083774784282,511.48
149,20,44513.726388966774,Second Semester,322.57,21,64669.03300318856,20155.306614221787,572.42
150,17,53030.456952254506,First Semester,350.15,18,39183.33299441519,-13847.123957839314,384.74
151,19,49430.294661966676,Second Semester,342.15,20,49579.27223648135,148.97757451467623,471.13
152,19,40421.50607849331,Second Semester,297.11,20,48805.616037392225,8384.109958898916,515.69
153,18,55910.61909411507,Second Semester,369.55,19,39713.94549390643,-16196.67360020864,378.6
154,17,51731.04873492955,First Semester,343.66,18,61477.51662571182,9746.467890782267,516.27
155,18,63997.83356212508,Second Semester,409.99,19,49872.30263472149,-14125.53092740359,474
156,18,51174.595846269876,No Class,345.87,19,36451.6411004696,-14722.954745800278,277.26
157,19,46684.54241799147,Second Semester,328.42,20,44782.523412360686,-1902.0190056307838,453.77
158,18,52782.94913305364,First Semester,353.91,19,39393.99761321601,-13388.951519837632,427.26
159,19,38144.08350964661,Second Semester,285.72,20,61910.42938245139,23766.345872804777,533.9
160,18,41641.059466064034,No Class,298.21,19,77700.49679705212,36059.43733098809,483.51
161,19,55102.73251139431,First Semester,370.51,20,43925.98389906768,-11176.748612326628,370.36
162,17,46668.79098776051,Second Semester,318.34,18,50031.584914931125,3362.7939271706127,417.97
163,17,49340.39053647537,First Semester,331.7,18,53937.21786005191,4596.827323576545,493.14
164,21,48847.78290578051,Second Semester,349.24,22,79444.0738995715,30596.290993790986,517.22
165,18,43494.87381225471,Second Semester,307.47,19,26545.463631404753,-16949.410180849954,352.71
166,18,29813.11340917583,First Semester,239.07,19,45603.46477518868,15790.351366012852,432.09
167,19,53488.349701765925,First Semester,362.44,20,38370.6550491087,-15117.694652657228,323.1
168,18,57616.39507646859,Second Semester,378.08,19,48609.9395345124,-9006.455541956188,488.47
169,19,37112.83764649875,No Class,280.56,20,48103.05821534692,10990.22056884817,340.51
170,18,64824.02718458606,Second Semester,414.12,19,43337.00753673823,-21487.019647847832,501.9
171,18,53851.548236872346,First Semester,359.26,19,70258.63503399723,16407.08679712488,455.07
172,18,63416.40294993872,Second Semester,407.08,19,53699.18603918226,-9717.216910756455,460.26
173,18,40428.295287577115,First Semester,292.14,19,76132.64642897359,35704.35114139647,663.77
174,20,51667.81288354251,Second Semester,358.34,21,59647.974575292705,7980.161691750196,513.96
175,17,48999.86041061192,First Semester,330,18,37714.222422311614,-11285.637988300303,330.27
176,17,57685.074318817766,First Semester,373.43,18,43088.34224178407,-14596.732077033696,362.56
177,18,44241.404320873065,No Class,311.21,19,53866.903401211,9625.499080337933,364.34
178,18,49899.02328047539,Second Semester,339.5,19,44932.06111860705,-4966.962161868338,443.61
179,18,32213.408512560552,First Semester,251.07,19,54720.04173531491,22506.633222754357,477.9
180,18,42223.785571295,No Class,301.12,19,58692.012740561295,16468.227169266298,388.46
181,17,51250.3388366511,First Semester,341.25,18,55421.783904836244,4171.445068185145,431.92
182,19,42936.78507611777,First Semester,309.68,20,49586.56524120607,6649.780165088305,458.01
183,18,49564.3051418852,No Class,337.82,19,44242.84119444295,-5321.463947442244,316.21
184,17,45320.7402607478,Second Semester,311.6,18,37462.13276377627,-7858.607496971526,469.42
185,18,56069.301361614904,No Class,370.35,19,54579.396435282295,-1489.9049263326087,367.9
186,18,61684.88308749563,No Class,398.42,19,60684.52457797542,-1000.3585095202143,398.42
187,19,41774.98587192477,Second Semester,303.87,20,50163.47119767563,8388.485325750858,520.98
188,18,46929.634414052714,Second Semester,324.65,19,58912.985353607044,11983.35093955433,584.56
189,19,64397.612583697424,No Class,416.99,20,74389.06167700201,9991.449093304589,471.95
190,18,28010.76745816293,No Class,230.05,19,71305.12346055591,43294.35600239299,451.52
191,18,46801.62208259265,First Semester,324.01,19,45803.49249385058,-998.1295887420711,383.98
192,18,70647.04284143343,First Semester,443.24,19,56740.47433464819,-13906.56850678524,472.57
193,18,71935.90069064255,No Class,449.68,19,43626.78830366559,-28309.112386976958,313.13
194,17,51565.953233501496,Second Semester,342.83,18,58243.04095096691,6677.087717465416,571.07
195,17,41363.910493863616,Second Semester,291.82,18,50387.18702919414,9023.276535330522,495.23
196,20,51654.57419490438,Second Semester,358.27,21,53914.669569699785,2260.0953747954045,537.33
197,19,43472.256040529806,No Class,312.36,20,41980.34654870339,-1491.9094918264163,309.9
198,17,64528.17282291484,Second Semester,407.64,18,63656.468116242744,-871.7047066720988,561.33
199,17,41935.17344296954,First Semester,294.68,18,50116.11035199287,8180.93690902333,449.73
200,17,53729.11595208748,No Class,353.65,18,46317.84044147184,-7411.27551061564,321.59
201,20,56198.50074568692,Second Semester,380.99,21,50195.47558754054,-6003.025158146382,504.49
202,19,42424.89839304151,Second Semester,307.12,20,51802.18298995669,9377.284596915175,443.04
203,18,58515.24681506184,Second Semester,382.58,19,68187.07212278538,9671.825307723542,596.38
204,19,42520.70029083694,Second Semester,307.6,20,39337.39812249562,-3183.302168341317,419.36
205,18,56302.3982965398,No Class,371.51,19,76819.4076366553,20517.009340115503,479.1
206,18,60966.616331035526,Second Semester,394.83,19,42880.21994213837,-18086.396388897156,545.54
207,17,40115.57077616794,First Semester,285.58,18,52833.75543708068,12718.184660912746,427.69
208,17,61079.95040979597,Second Semester,390.4,18,29389.51567013285,-31690.434739663124,396.08
209,20,45104.67128787588,Second Semester,325.52,21,44128.16443153792,-976.50685633795365,357.24
210,18,52943.53388436968,First Semester,354.72,19,58683.62032335169,5740.086438982013,455.48
211,18,52018.3747228877,Second Semester,350.09,19,56304.9471150797,4286.572392192007,476.82
212,18,45728.03613661798,Second Semester,318.64,19,55311.00832840176,9582.972191783781,595.46
213,19,52681.02869997785,First Semester,358.41,20,46098.96431290679,-6582.0643870710555,422.95
214,17,37695.690745761625,No Class,273.48,18,31642.489106392793,-6053.201639368832,248.21
215,17,48638.63127815036,First Semester,328.19,18,39735.341415876115,-8903.289862274243,395.92
216,20,58257.90831665171,No Class,391.29,21,48586.797964097554,-9671.110352554155,347.93
217,18,28258.75350770686,Second Semester,231.29,19,57527.19033740235,29268.436829695493,550.65
218,17,35120.738126417455,First Semester,260.6,18,59793.177554591835,24672.43942817438,462.41
219,17,38380.62442403028,First Semester,276.9,18,47819.675483883955,9439.051059853678,444.13
220,17,34109.103058545705,No Class,255.55,18,49408.698388669916,15299.595330124212,337.05
221,17,54195.83039296359,First Semester,355.98,18,49290.059013500715,-4905.771379462873,511.78
222,19,40070.71650243989,Second Semester,295.35,20,51607.37809603512,11536.661593595229,545.05
223,19,28354.52914671027,First Semester,236.77,20,67140.02129865461,38785.492151944345,571.42
224,19,43624.312349195505,Second Semester,313.12,20,43369.518455050886,-254.79389414461912,416.77
225,18,46093.64748525194,First Semester,320.47,19,48849.991444700296,2756.343959448357,448.2
226,18,58567.854737781105,First Semester,382.84,19,51826.62607065146,-6741.228667129646,468.8
227,17,38962.47864001171,No Class,279.81,18,36948.20812155688,-2014.270518454825,274.74
228,17,61612.89255738696,Second Semester,393.06,18,41329.193030369046,-20283.69952701791,407.34
229,19,53983.62715628605,No Class,364.92,20,53102.75046039561,-880.876695890438,365.52
230,17,53623.521576355444,First Semester,353.12,18,55484.22584126049,1860.704264905049,473.29
231,20,41474.74329685498,Second Semester,307.37,21,62970.947198493304,21496.203901638328,688.26
232,18,69536.67879898039,First Semester,437.68,19,46110.087457395675,-23426.59134158471,376.82
233,18,48357.29167902845,Second Semester,331.79,19,66265.95652296071,17908.66484393226,609.51
234,17,31751.024158216667,Second Semester,243.76,18,41922.15971814488,10171.135559928214,385.19
235,17,47961.43528607504,Second Semester,324.81,18,34239.027665226226,-13722.407620848811,432.32
236,17,30655.559292679493,Second Semester,238.28,18,30566.858821704067,-88.70047097542556,330.33
237,18,46894.89884213326,First Semester,324.47,19,62592.52788687612,15697.629044742862,537.48
238,18,45777.72996810381,Second Semester,318.89,19,54201.15716870729,8423.427200603473,439.9
239,18,56818.2969040341,Second Semester,374.09,19,49630.57015554048,-7187.7267484936165,494.38
240,17,60094.96185737491,Second Semester,385.47,18,47917.059436375115,-12177.902420999795,560.06
241,17,42738.95035098845,No Class,298.69,18,67655.68228177105,24916.731930782596,428.27
242,17,58061.088683750255,First Semester,375.31,18,63612.0277926221,5550.939108871848,496.94
243,19,64243.23109668763,Second Semester,416.22,20,40460.73303240788,-23782.498064279753,445.92
244,17,42158.55995157354,First Semester,295.79,18,36394.32168042963,-5764.238271143906,442.18
245,18,43475.956335006675,Second Semester,307.38,19,62395.60674976358,18919.650414756907,679.16
246,20,56507.78363153682,No Class,382.54,21,56886.4239631821,378.6403316452779,389.43
247,18,51830.479699439355,Second Semester,349.15,19,45634.699656558005,-6195.78004288135,622.16
248,17,55487.74960444283,Second Semester,362.44,18,55162.74563849652,-325.00396594631457,492.2
249,17,64046.842945475626,First Semester,405.23,18,29756.073408930708,-34290.76953654492,286.02
250,18,53870.83119576395,First Semester,359.35,19,44016.01453419881,-9854.816661565143,447.63
251,18,60517.01270175373,Second Semester,392.59,19,55567.57565802402,-4949.437043729711,548.98
252,17,56229.05462337194,First Semester,366.15,18,50234.4277902484,-5994.626833123541,505.44
253,18,54336.20389808855,Second Semester,361.68,19,37540.17973678898,-16796.024161299567,441.71
254,18,53860.84438184412,First Semester,359.3,19,61660.29437210819,7799.449990264067,511.34
255,20,62913.2330445808,Second Semester,414.57,21,63212.12306162119,298.890017040394,661.89
256,18,39977.40126289346,Second Semester,289.89,19,41129.581696201494,1152.1804333080363,460.37
257,19,38948.17270842505,Second Semester,289.74,20,49052.600394208304,10104.427685783252,536.2
258,19,55919.46003397209,Second Semester,374.6,20,58671.446364332616,2751.9863303605234,572.43
259,18,48803.103358668865,No Class,334.02,19,60069.110848545955,11266.00748987709,395.35
260,17,50740.052116849605,No Class,338.7,18,45448.15004633392,-5291.902070515687,317.24
261,17,57412.77377171399,No Class,372.06,18,41775.33168453496,-15637.442087179028,298.87
262,18,57532.95047849076,No Class,377.66,19,54623.29177187656,-2909.658706614202,368.11
263,18,47373.29496638222,No Class,326.87,19,30881.808710688434,-16491.486255693788,249.41
264,19,46874.56131002898,Second Semester,329.37,20,41024.18531184219,-5850.375998186784,452.45
265,20,50735.986090078695,No Class,353.68,21,59122.66483410314,8386.678744024444,400.61
266,20,60630.17789294744,First Semester,403.15,21,33110.11674209981,-27520.06115084763,343.81
267,18,54260.204866790045,Second Semester,361.3,19,38391.840168782284,-15868.364698007761,416.71
268,17,64330.07510823195,First Semester,406.65,18,48471.75683204915,-15858.3182761828,334.93
269,18,49923.63129580028,Second Semester,339.62,19,47828.22823805928,-2095.4030577410012,560.85
270,18,61256.676052207535,First Semester,396.28,19,32582.530044283543,-28674.14600792399,278.15
271,19,58830.023110172464,No Class,389.15,20,56348.477839854655,-2481.545270317809,381.74
272,19,56120.8346090007,No Class,375.6,20,40274.70846062048,-15846.126148380223,301.37
273,19,54147.007067784645,Second Semester,365.74,20,49340.38115726621,-4806.625910518436,461.26
274,17,47201.17602857482,Second Semester,321.01,18,48935.991826489975,1734.8157979151583,462.46
275,19,48909.624908307684,No Class,339.55,20,58314.60177872746,9404.976870419778,391.57
276,18,52293.95495708467,Second Semester,351.47,19,50307.19467300709,-1986.7602840775799,568.87
277,18,50488.88890679286,First Semester,342.44,19,49589.346151743266,-899.5427550495951,445.83
278,18,59432.244683862205,No Class,387.16,19,68374.778862023275,8942.53417816107,436.87
279,18,48906.82876813569,First Semester,334.53,19,54904.89626121329,5998.0674930776,516.73
280,18,49296.230784121726,Second Semester,336.48,19,57547.17485740608,8250.94407328435,515.08
281,17,45156.80912434335,First Semester,310.78,18,55986.43558172232,10829.626457378967,553.5
282,19,48616.63671456672,No Class,338.08,20,57002.163579775035,8385.526865208318,385.01
283,18,49312.34357696155,First Semester,336.56,19,65025.232903898934,15712.88932693738,544.47
284,18,26862.64226100585,First Semester,224.31,19,50400.40630985077,23537.764048844918,474.36
285,18,36351.68302785682,First Semester,271.76,19,53549.86143743554,17198.178409578715,506.63
286,18,49275.130900480406,No Class,336.38,19,71681.15839454983,22406.02749406942,453.41
287,18,47347.16225135501,No Class,326.74,19,45434.59770899047,-1912.56454236454,322.18
288,20,37991.30671792564,Second Semester,289.96,21,64555.594285130486,26564.287567204847,488.85
289,18,30084.618239569812,First Semester,240.42,19,44625.67894124063,14541.060701670816,417.6
290,18,46456.30780086573,First Semester,322.28,19,68956.46659086242,22500.158789996683,550.5
291,19,56534.957656942766,First Semester,377.67,20,44004.40251251313,-12530.555144429636,381.68
292,19,67732.38631927565,Second Semester,433.66,20,42449.09109448982,-25283.295224785834,462.97
293,19,49615.43206290661,First Semester,343.08,20,61882.227556720034,12266.79549381342,473.35
294,17,64931.84840627717,Second Semester,409.66,18,61131.781092435565,-3800.0673138416023,558.84
295,20,50830.22157635968,No Class,354.15,21,56792.96379333085,5962.7422169711645,388.96
296,18,51155.3210425956,No Class,345.78,19,53868.47955807297,2713.158515477371,364.35
297,20,53248.253133487466,No Class,366.24,21,53539.527935089944,291.27480160247796,372.7
298,17,41294.22754739081,Second Semester,291.47,18,72574.98741348831,31280.759866097505,495.78
299,18,49482.817871051164,No Class,337.41,19,35958.38780021008,-13524.430070841081,274.79
300,19,59084.476987922506,First Semester,390.42,20,40643.468670940674,-18441.00831698183,417.44
301,17,42502.74213147811,No Class,297.51,18,37569.028709486025,-4933.7134219920845,277.84
302,17,46783.939301120394,Second Semester,318.92,18,61087.93264895161,14303.993347831216,507.26
303,17,38522.292495407455,No Class,277.61,18,48420.75967899439,9898.467183586938,332.1
304,17,53543.52196449354,Second Semester,352.72,18,49634.91121308364,-3908.610751409906,544.54
305,18,54247.997823890226,Second Semester,361.24,19,69724.72159256092,15476.723768670694,475.24
306,18,56483.47351224082,First Semester,372.42,19,44920.22224576237,-11563.251266478444,421.73
307,17,37801.899684830976,First Semester,274.01,18,72239.34331305449,34437.44362822351,540.15
308,18,51072.35034754764,Second Semester,345.36,19,36200.87145674184,-14871.478890805796,482.43
309,19,40559.42308350155,First Semester,297.8,20,64837.27393700915,24277.850853507603,445.19
310,20,49996.153512839766,No Class,349.98,21,54392.77052703569,4396.617014195923,376.96
311,19,63426.2392000608,Second Semester,412.13,20,46919.694540087934,-16506.544659972868,451.67
312,19,44964.74713065724,First Semester,319.82,20,49185.21251443573,4220.465383778486,481.52
313,17,57166.83320938825,No Class,370.83,18,65059.23401167863,7892.40080229038,415.29
314,17,42503.31415916305,First Semester,297.52,18,68889.9616599573,26386.647500794257,565.1
315,18,45214.71789549695,First Semester,316.07,19,33376.0878789609,-11838.630016536052,379.69
316,19,54387.21750586617,No Class,366.94,20,86921.49338774904,32534.275881882873,534.61
317,18,43208.87729542132,Second Semester,306.04,19,78068.39787096661,34859.52057554529,652.65
318,17,32970.35164854565,Second Semester,249.85,18,45484.12073611599,12513.769087570341,367.31
319,20,62651.6843521333,No Class,413.26,21,50323.989995327196,-12327.694356806103,356.62
320,19,53603.57237879847,Second Semester,363.02,20,44032.75276686494,-9570.819611933526,521.23
321,18,44163.6055943991,Second Semester,310.82,19,50023.48856980303,5859.882975403925,508.07
322,19,30059.212126693994,First Semester,245.3,20,58768.52410158127,28709.311974887278,403.11
323,17,69022.09771399305,Second Semester,430.11,18,52085.3095567709,-16936.788157222145,490.02
324,19,83903.70821271543,No Class,514.52,20,53016.07348114552,-30887.63473156991,365.08
325,17,52074.804073554566,Second Semester,345.37,18,66527.4798283121,14452.67575475754,629.86
326,19,58498.06647511189,No Class,387.49,20,27859.38097490107,-30638.68550021082,239.3
327,18,62245.6031207416,First Semester,401.23,19,45839.84800228088,-16405.755118460722,459.39
328,19,42981.95566461391,Second Semester,309.91,20,52516.38134826034,9534.425683646426,474.71
329,19,46488.037704434595,Second Semester,327.44,20,42777.44330816432,-3710.594396270273,518.34
330,18,32728.78963354804,First Semester,253.64,19,62140.14552301391,29411.35588946587,485.85
331,19,42634.21767728128,Second Semester,308.17,20,46322.19075771872,3687.9730804374412,504.53
332,17,56224.097828861144,First Semester,366.12,18,46493.60838538597,-9730.489443475177,468.89
333,17,47092.8401075913,Second Semester,320.46,18,63484.62390556344,16391.783797972144,580.85
334,20,47857.884658169234,No Class,339.29,21,59760.08776714579,11902.203108976559,403.8
335,18,48874.40448497484,Second Semester,334.37,19,49421.77148242717,547.3669974523291,452.94
336,17,31363.330175043953,No Class,241.82,18,47558.55010574214,16195.21993069819,327.8
337,17,58376.299342316706,Second Semester,376.88,18,35794.264453068085,-22582.03488924862,468.17
338,18,35565.07111064579,Second Semester,267.83,19,43678.511862207975,8113.440751562186,552.04
339,19,47914.298375843515,Second Semester,334.57,20,78284.1474373637,30369.849061520188,585.67
340,18,45614.3653794117,No Class,318.07,19,50607.14235684248,4992.776977430782,348.03
341,19,47814.06183143802,Second Semester,334.07,20,60591.66484965486,12777.60301821684,542.03
342,19,64599.65944735786,No Class,418,20,49062.47176822035,-15537.18767913751,345.31
343,20,44179.400820846306,First Semester,320.9,21,57403.15510969519,13223.754288848882,542.2
344,18,42169.024042881036,First Semester,300.85,19,50446.36850562627,8277.344462745234,404.64
345,18,34803.46005056155,Second Semester,264.02,19,65321.1805346553,30517.72048409375,468.45
346,17,41943.01918388751,No Class,294.72,18,45711.84912008898,3768.829936201466,318.56
347,18,38338.15292632261,No Class,281.69,19,33054.868228842155,-5283.284697480456,260.27
348,17,54079.46196248296,No Class,355.4,18,60434.77167284084,6355.309710357884,392.18
349,17,41369.95753992123,Second Semester,291.85,18,48503.792721809674,7133.83518188844,452.84
350,18,53040.42035028136,Second Semester,355.2,19,66365.77959556766,13325.359245286294,640.82
351,19,48535.725121520794,Second Semester,337.68,20,52305.971798032726,3770.2466765119316,429.82
352,17,35664.37820089196,First Semester,263.32,18,66264.2788602476,30599.900659355648,508.9
353,18,42093.92214277302,Second Semester,300.47,19,54677.38307482795,12583.460932054928,576.1
354,18,58851.12455057677,Second Semester,384.26,19,47335.23246357239,-11515.89208700438,484.5
355,17,59030.76085954568,First Semester,380.15,18,58618.7853821082,-411.9754774374742,511.44
356,18,70055.73274300627,Second Semester,440.28,19,46177.99648897457,-23877.736254031704,573.33
357,18,49964.19691600219,First Semester,339.82,19,68689.97192816633,18725.775012164137,583.49
358,18,35041.7318601786,Second Semester,265.21,19,52539.13217643684,17497.400316258238,543.17
359,17,42315.82972984841,No Class,296.58,18,29686.500524239287,-12629.329205609123,238.43
360,21,54084.885048401484,No Class,375.42,22,46042.214158886694,-8042.670889514789,340.21
361,18,69001.36334894723,Second Semester,435.01,19,33860.094768736104,-35141.26858021112,443.76
362,19,51100.09123439723,No Class,350.5,20,28127.26928600667,-22972.82194839056,240.64
363,18,61403.86825128469,First Semester,397.02,19,51621.69083641989,-9782.177414864804,395.19
364,19,57680.813046922616,Second Semester,383.4,20,57802.53668532518,121.7236384025673,589.36
365,19,38319.083778826665,No Class,286.6,20,43005.01766901421,4685.933890187545,315.03
366,18,48288.873477351415,Second Semester,331.44,19,37047.15557569862,-11241.717901652795,462.76
367,18,63052.61536347683,First Semester,405.26,19,44678.677154102144,-18373.938209374683,438.57
368,17,58760.96109595914,First Semester,378.8,18,34719.484640319926,-24041.47645563921,366.45
369,19,54637.96141567798,Second Semester,368.19,20,58381.51884907574,3743.557433397764,465.64
370,18,54771.14245376879,Second Semester,363.86,19,57032.28155363723,2261.1390998684365,539.38
371,20,45085.94699790598,Second Semester,325.43,21,34249.43914955476,-10836.507848351219,501.54
372,17,36806.14686655798,No Class,269.03,18,44447.276953507586,7641.130086949604,312.24
373,18,62954.25790831307,Second Semester,404.77,19,61995.76857844091,-958.4893298721581,518.27
374,19,35797.80508333071,First Semester,273.99,20,49235.37802905522,13437.572945724503,356.14
375,19,40611.0408029417,Second Semester,298.06,20,51099.91687088128,10488.876067939578,615.79
376,17,56289.649925198406,First Semester,366.45,18,55381.02235176903,-908.627573429374,438.69
377,17,37378.05450610399,First Semester,271.89,18,57581.75906514808,20203.70455904409,534.93
378,18,44481.295867272085,No Class,312.41,19,63665.55295644017,19184.257089168088,413.33
379,18,38172.00493217522,First Semester,280.86,19,59111.93637044305,20939.931438267828,521.76
380,17,56206.635577289504,First Semester,366.03,18,36535.545827319074,-19671.08974997043,455.56
381,18,54463.13016638096,First Semester,362.32,19,47194.51728419057,-7268.612882190384,428.87
382,18,54218.84693273688,Second Semester,361.09,19,54174.1342058662,-44.71272687068267,497.84
383,18,54424.647721456364,No Class,362.12,19,49854.66130075961,-4569.986420696754,344.27
384,17,55572.45746378939,First Semester,362.86,18,28118.764547358758,-27453.69291643063,417.2
385,18,56393.56491970517,Second Semester,371.97,19,43039.79538755896,-13353.769532146209,589.59
386,19,30313.384433257783,Second Semester,246.57,20,61652.78708889238,31339.402655634596,577.38
387,18,48511.83638640132,Second Semester,332.56,19,52659.49520168445,4147.658815283125,518.49
388,17,51124.638125519006,Second Semester,340.62,18,35538.115405045435,-15586.522720473571,462.23
389,18,57246.7620264776,First Semester,376.23,19,53267.225165410135,-3979.536861067463,427.71
390,18,38125.13923994715,First Semester,280.63,19,49333.571531317604,11208.432291370453,466.56
391,17,45003.99810184087,First Semester,310.02,18,58054.4656707117,13050.46756887083,430.79
392,17,39263.570092488415,No Class,281.32,18,73118.86531838516,33855.29522589674,455.6
393,19,60572.4021270968,No Class,397.86,20,35083.048623840004,-25489.353503256796,275.41
394,17,62790.72583209334,No Class,398.95,18,45696.83301909659,-17093.892812996746,318.48
395,17,57876.76725359233,First Semester,374.38,18,49542.98912640478,-8333.77812718755,422.84
396,20,37775.96617423009,Second Semester,288.88,21,28569.847495970433,-9206.118678259656,445.54
397,17,54519.52116736654,First Semester,357.6,18,50672.19004241833,-3847.3311249482067,405.22
398,19,61504.49186380916,First Semester,402.52,20,44771.725101919474,-16732.76676188969,466.4
399,17,51679.40980736459,Second Semester,343.4,18,74473.82907008623,22794.41926272164,642.5
400,18,44338.9066710403,First Semester,311.69,19,20361.24975422476,-23977.65691681554,368.49
401,18,39138.8175938865,No Class,285.69,19,66626.32226617858,27487.50467229208,428.13
402,17,43346.97204439844,Second Semester,301.73,18,61584.259010756796,18237.286966358355,677.86
403,17,57148.48355949339,No Class,370.74,18,58718.46211101313,1569.9785515197364,383.59
404,18,45683.38899618072,No Class,318.42,19,52541.525923610454,6858.136927429732,357.71
405,19,52276.14939940088,No Class,356.38,20,43536.59690035588,-8739.552499045,317.68
406,17,62949.457956703045,First Semester,399.75,18,62609.12970820698,-340.3282484960655,474.28
407,18,55783.34940469455,No Class,368.92,19,41699.65581712625,-14083.693587568298,303.5
408,19,63646.727814735394,First Semester,413.23,20,58294.999087549695,-5351.7287271856985,511
409,17,32984.20197339593,First Semester,249.92,18,55227.71144580369,22243.509472407757,544.07
410,18,47193.237202862074,First Semester,325.97,19,62300.50106256927,15107.263859707193,516.46
411,18,50650.68019492193,No Class,343.25,19,44736.262469370835,-5914.417725551095,318.68
412,18,55785.89291608515,No Class,368.93,19,44899.629906241236,-10886.263009843911,319.5
413,19,38307.9337847103,First Semester,286.54,20,54171.80392002822,15863.87013531792,438.17
414,18,58061.84855447288,First Semester,380.31,19,54209.69413290054,-3852.1544215723407,416.17
415,18,53073.900761623336,First Semester,355.37,19,65426.98271702366,12353.081955400325,592.16
416,17,52638.06013604717,Second Semester,348.19,18,56096.69399805371,3458.6338620065435,676.45
417,18,55084.84791605046,First Semester,365.42,19,52520.82041315031,-2564.0275029001496,405.23
418,18,48836.41560123006,Second Semester,334.18,19,59847.508361112195,11011.092759882136,550.87
419,19,59255.460984991136,First Semester,391.28,20,45292.117934491,-13963.343050500138,348.06
420,17,56482.2977373149,Second Semester,367.41,18,62476.2049109305,5993.907173615604,556.56
421,20,48497.906258323004,First Semester,342.49,21,40263.31315945331,-8234.593098869693,390.96
422,18,60403.77019340699,First Semester,392.02,19,54550.54739941517,-5853.222793991823,467.15
423,18,52925.58684946182,First Semester,354.63,19,33078.11948206634,-19847.467367395482,505.14
424,19,56687.51399439465,First Semester,378.44,20,53587.717211170064,-3099.796783224585,398.01
425,17,44058.22358375778,No Class,305.29,18,34536.38712300865,-9521.836460749131,262.68
426,18,65804.3183698592,First Semester,419.02,19,48569.408077864005,-17234.9102919952,459.45
427,20,49960.11055650016,Second Semester,349.8,21,32546.71777430217,-17413.392782197992,527.69
428,18,58478.42768893475,Second Semester,382.39,19,44283.99178606315,-14194.435902871606,429.76
429,20,48998.83474107309,Second Semester,344.99,21,42850.24744569,-6148.587295383091,420.09
430,17,47203.700930194005,Second Semester,321.02,18,56825.133856373664,9621.43292617966,527.03
431,18,57844.38245280006,First Semester,379.22,19,44887.71763410009,-12956.664818699974,484.46
432,18,34153.833554088254,No Class,260.77,19,42929.751430338234,8775.91787624998,309.65
433,18,54783.6614779403,First Semester,363.92,19,63825.91472205494,9042.25324411464,496.98
434,17,53935.663729948144,First Semester,354.68,18,68526.28930155677,14590.625571608623,481.34
435,18,23046.706308754838,First Semester,205.23,19,62481.5440342076,39434.837725452766,510.93
436,17,53683.773285332565,No Class,353.42,18,35341.95369601477,-18341.819589317798,266.71
437,19,28315.822526529944,Second Semester,236.58,20,64404.857367250195,36089.034840720255,450.96
438,19,56598.0437689272,First Semester,377.99,20,38100.35550723311,-18497.688261694093,316.73
439,17,45460.8626661881,Second Semester,312.3,18,50244.51426919103,4783.651603002931,556.41
440,19,43050.63174765106,No Class,310.25,20,58711.81113478372,15661.179387132659,393.56
441,17,49931.53696827335,Second Semester,334.66,18,48754.18565590474,-1177.3513123686134,511.3
442,18,63730.520449839896,First Semester,408.65,19,49420.87556201294,-14309.644887826958,333.4
443,19,43646.76922782106,No Class,313.23,20,52316.5154754208,8669.746247599738,361.58
444,18,55581.03293948777,Second Semester,367.91,19,55492.50923211849,-88.52370736927696,559.52
445,17,53411.57868421877,No Class,352.06,18,55319.182130269204,1907.6034460504306,366.6
446,18,38204.81370858443,Second Semester,281.02,19,32873.20683440032,-5331.606874184108,271.07
447,18,32589.779826660302,No Class,252.95,19,49155.69354237111,16565.91371571081,340.78
448,19,30074.14228760857,No Class,245.37,20,54011.804493652235,23937.662206043664,370.06
449,17,55512.74211467889,First Semester,362.56,18,57202.770122213144,1690.0280075342525,453.66
450,17,49652.579384687015,No Class,333.26,18,47667.71701629239,-1984.862368394628,328.34
451,19,68505.71703610622,First Semester,437.53,20,43622.15777544119,-24883.559260665024,433.09
452,19,55736.75108263045,No Class,373.68,20,36640.3280832422,-19096.422999388247,283.2
453,18,58496.958910826084,No Class,382.48,19,43347.52388634176,-15149.435024484323,311.73
454,19,63343.835853349534,Second Semester,411.72,20,49723.98828074932,-13619.847572600214,412.91
455,19,44992.809020350265,No Class,319.96,20,44330.33648683148,-662.4725335187832,321.65
456,17,55100.97928228489,First Semester,360.5,18,57244.37822526607,2143.3989429811772,539.59
457,19,58687.93270244154,No Class,388.44,20,54858.762924426475,-3829.1697780150644,374.29
458,18,63693.51688003028,Second Semester,408.47,19,34108.246435794135,-29585.270444236143,488.41
459,18,57626.51146326368,First Semester,378.13,19,54331.98437038245,-3294.5270928812315,432.91
460,18,54211.47173037333,No Class,361.06,19,56687.8989112884,2476.427180915074,378.44
461,19,41317.759527287766,No Class,301.59,20,48256.06660589761,6938.307078609847,341.28
462,18,57295.60360957694,First Semester,376.48,19,50721.79449935318,-6573.8091102237595,504.66
463,19,55002.658724182875,First Semester,370.01,20,46461.497776985794,-8541.16094719708,442.13
464,18,56342.50253706911,No Class,371.71,19,47919.43920074058,-8423.06333632853,334.59
465,17,54236.45045572257,First Semester,356.18,18,40426.078683643216,-13810.37177207935,424.63
466,19,47981.61955289996,First Semester,334.91,20,55464.67979621896,7483.060243319,510.88
467,19,49231.341015659855,Second Semester,341.16,20,38139.42578047738,-11091.915235182474,363.65
468,20,56873.641132815166,No Class,384.37,21,44800.121119065276,-12073.52001374989,329
469,18,51716.31506924541,First Semester,348.58,19,41406.80027404585,-10309.51479519956,300.73
470,19,41698.91425673012,First Semester,303.49,20,41855.36399925498,156.4497425248628,519.54
471,20,47098.408801943326,No Class,335.49,21,47130.16578216749,31.75698022416327,340.65
472,18,36808.742758234905,Second Semester,274.04,19,45904.84858102603,9096.105822791127,488.4
473,17,40329.68097331088,Second Semester,286.65,18,43650.40026858864,3320.719295277755,480.79
474,18,48553.889298644826,Second Semester,332.77,19,48338.944083782444,-214.94521486238227,415.12
475,18,32018.674436250745,Second Semester,250.09,19,34358.57511516861,2339.9006789178675,484.74
476,18,33114.57525408421,First Semester,255.57,19,52165.90285897391,19051.327604889702,547.8
477,20,61025.651994360844,Second Semester,405.13,21,57634.38466904695,-3391.267325313893,634.85
478,18,44233.8107578856,No Class,311.17,19,37527.463733643985,-6706.347024241615,282.64
479,18,31483.082704485125,Second Semester,247.42,19,36162.443473273444,4679.36076878832,304.4
480,18,48871.36760571025,No Class,334.36,19,74435.96965615984,25564.60205044959,467.18
481,18,63210.69267221515,First Semester,406.05,19,53514.82602853353,-9695.86664368162,410.55
482,18,56622.54296934641,Second Semester,373.11,19,51558.52573250043,-5064.017236845983,508.66
483,19,54413.83198353637,First Semester,367.07,20,48915.671716441306,-5498.160267095067,479.42
484,18,61837.459122798406,No Class,399.19,19,56172.80149176781,-5664.657631030597,375.87
485,19,42284.98558899106,No Class,306.42,20,51391.03114147894,9106.045552487878,356.95
486,19,57296.89191352037,No Class,381.48,20,45267.92450025432,-12028.967413266051,326.34
487,19,44129.1438422114,No Class,315.65,20,46459.00129626856,2329.857454057157,332.3
488,17,50007.64186362514,Second Semester,335.04,18,47382.9105834977,-2624.7312801274384,444.28
489,20,72144.65319340126,No Class,460.72,21,47643.47134438958,-24501.18184901168,343.21
490,18,59694.343957092606,First Semester,388.47,19,43107.161827231794,-16587.182129860812,367.61
491,18,57680.07713717215,First Semester,378.4,19,62278.06599612968,4597.988858957528,517.88
492,19,38916.7208818184,No Class,289.58,20,51985.132634424626,13068.411752606225,359.92
493,19,42137.64080005287,No Class,305.69,20,42882.79829037343,745.1574903205619,314.42
494,17,72841.16480261601,First Semester,449.21,18,57208.111716958396,-15633.053085657615,428.91
495,17,39066.99236026689,First Semester,280.33,18,54677.39902612038,15610.406665853487,565.56
496,17,52144.79375285073,No Class,345.72,18,49555.41439757948,-2589.3793552712523,337.77
497,18,58925.71059637072,Second Semester,384.63,19,55209.25960392074,-3716.45099244998,411.52
498,18,60187.57972342258,First Semester,390.94,19,41483.020549513414,-18704.55917390917,427.86
499,18,60891.12010919239,Second Semester,394.46,19,48912.17734809829,-11978.942761094098,369.79
500,19,48368.71010114785,No Class,336.84,20,40508.87560456414,-7859.83449658371,302.54
501,17,41790.133028800024,No Class,293.95,18,38569.99043855224,-3220.142590247786,282.85
502,17,46927.427670113604,First Semester,319.64,18,47520.314173092265,592.8865029786612,402.89
503,19,40979.019914605364,First Semester,299.9,20,52764.260413109085,11785.240498503721,538.04
504,19,56270.68743114984,No Class,376.35,20,41413.44192782312,-14857.245503326718,307.06
505,17,61203.550284261066,Second Semester,391.02,18,49161.889653013175,-12041.66063124789,553.12
506,18,71272.13552493526,Second Semester,446.36,19,31780.31573069451,-39491.81979424076,319.91
507,17,53661.14382931719,First Semester,353.31,18,46309.25885468537,-7351.884974631816,347.75
508,17,41252.18622806315,No Class,291.26,18,63292.006384623994,22039.820156560847,406.46
509,18,60244.74862993228,First Semester,391.22,19,38910.13307436288,-21334.6155555694,392.45
510,18,59047.5889369531,No Class,385.24,19,38474.21378950971,-20573.37514744339,287.37
511,18,47617.51304097173,No Class,328.09,19,48691.454685675555,1073.9416447038238,338.46
512,18,34421.45096127686,Second Semester,262.11,19,56614.042696322824,22192.591735045964,470.89
513,19,57613.098953939145,First Semester,383.07,20,63979.14623796308,6366.047284023938,540.19
514,18,61291.44395641627,No Class,396.46,19,78864.2776503401,17572.83369392383,489.32
515,17,47048.92169294066,Second Semester,320.24,18,59409.378999784894,12360.457306844233,478.01
516,17,55362.428183580254,First Semester,361.81,18,58050.262028813464,2687.83384523321,399.74
517,18,47241.09525249489,First Semester,326.21,19,72293.20322919238,25052.107976697494,534.96
518,18,56823.152451375136,No Class,374.12,19,47840.29480937063,-8982.857642004506,334.21
519,17,48827.092852851514,Second Semester,329.14,18,48759.831242137945,-67.2616107135691,410.35
520,18,46553.24136079938,No Class,322.77,19,53659.33657093072,7106.095210131338,363.3
521,19,51116.20498197211,No Class,350.58,20,36089.07552917445,-15027.129452797657,280.44
522,18,47165.946850177046,Second Semester,325.83,19,31727.915118006138,-15438.031732170908,468.84
523,17,44089.82835545715,Second Semester,305.45,18,69971.28842740181,25881.46007194466,569.77
524,18,46840.63068757602,First Semester,324.2,19,44962.544703641,-1878.0859839350233,417.92
525,19,49918.47847674465,First Semester,344.59,20,46192.251003672965,-3726.2274730716817,499.99
526,19,52074.95140718474,No Class,355.37,20,40573.964457110924,-11500.986950073813,302.87
527,19,65324.23621625839,Second Semester,421.62,20,52512.76226499295,-12811.473951265441,624.03
528,18,36420.02169046516,No Class,272.1,19,57206.97548557473,20786.95379510957,381.03
529,18,48003.80949447057,Second Semester,330.02,19,48599.58200232922,595.7725078586445,484.82
530,17,56315.23127780826,First Semester,366.58,18,51154.39928224742,-5160.831995560846,462.44
531,19,67620.20903442867,First Semester,433.1,20,60989.62560675172,-6630.583427676953,570.4
532,17,54260.14362615495,Second Semester,356.3,18,50886.93519135517,-3373.2084347997807,483.97
533,17,49862.465835246,No Class,334.31,18,45105.89354214145,-4756.572293104553,315.53
534,18,46924.43090403641,Second Semester,324.62,19,50363.59414481166,3439.1632407752477,434.2
535,20,54143.0816410829,First Semester,370.72,21,42155.573366496035,-11987.508274586864,465.49
536,19,59890.5792019639,No Class,394.45,20,52069.82487821507,-7820.754323748828,360.35
537,19,48161.41689453947,First Semester,335.81,20,41571.77926644233,-6589.637628097138,331.63
538,18,51637.61406846558,First Semester,348.19,19,65636.21717540508,13998.603106939503,510.92
539,17,52169.36344144384,No Class,345.85,18,24891.499003999903,-27277.86443744394,214.46
540,18,57292.776342096564,No Class,376.46,19,55213.588426012124,-2079.18791608444,371.06
541,18,61113.804070246886,No Class,395.57,19,45875.71415891046,-15238.089911336428,324.38
542,18,52791.60816939631,Second Semester,353.96,19,71865.0624855729,19073.454316176583,580.2
543,19,49238.2932845282,First Semester,341.19,20,48538.133977783255,-700.159306744943,416.55
544,17,63946.63132208576,Second Semester,404.73,18,56059.292284193616,-7887.339037892147,355.08
545,19,51645.341176055845,First Semester,353.23,20,55062.38667664556,3417.0455005897165,445.97
546,19,65778.51978793478,No Class,423.89,20,53600.56029803616,-12177.959489898625,368
547,17,49380.7734238045,Second Semester,331.9,18,56440.25827118187,7059.484847377367,598.18
548,19,56139.22964193686,No Class,375.7,20,71972.84420578295,15833.614563846095,459.87
549,20,34539.11405754761,First Semester,272.7,21,60738.842648647056,26199.728591099447,485.26
550,17,48876.08038662592,Second Semester,329.38,18,53062.453563214585,4186.373176588662,468.17
551,19,49782.054600391144,No Class,343.91,20,69797.7952993681,20015.74069897695,448.99
552,17,42416.545825834546,First Semester,297.08,18,57123.57636649458,14707.030540660031,442.31
553,19,39641.07115577701,No Class,293.21,20,57828.50279056739,18187.43163479038,389.15
554,18,59481.593025518116,No Class,387.41,19,64072.816560494284,4591.223534976169,415.37
555,20,59141.5873392772,First Semester,395.71,21,52691.61957320967,-6449.96776606753,424.72
556,17,37012.680051535404,Second Semester,270.06,18,58617.65226030521,21604.972208769803,541.85
557,18,54243.78794934342,Second Semester,361.22,19,48117.95770961118,-6125.83023973224,521.16
558,17,38874.54680044914,No Class,279.37,18,52310.778686659534,13436.231886210393,351.55
559,18,39489.26773818442,No Class,287.45,19,51416.24758693832,11926.979848753901,352.08
560,17,55254.12448266355,No Class,361.27,18,44282.803105910956,-10971.321376752596,311.41
561,17,43139.75999906946,Second Semester,300.7,18,72363.8587987635,29224.09879969404,688.74
562,19,59934.79982122214,First Semester,394.67,20,45131.57520641722,-14803.224614804923,347.35
563,17,50385.235990753456,No Class,336.93,18,47264.316187943776,-3120.91980280968,326.33
564,19,55361.48975785724,Second Semester,371.81,20,64906.38259875318,9544.89284089594,598.26
565,17,44763.73302113839,Second Semester,308.82,18,50783.46659309573,6019.733571957338,484.72
566,18,38487.78665056407,First Semester,282.44,19,63265.32748548699,24777.54083492292,525.59
567,19,59147.52241002756,First Semester,390.74,20,44622.750230394486,-14524.772179633073,371.53
568,19,52380.71491562714,Second Semester,356.9,20,50865.1625772929,-1515.5523383342443,507.05
569,18,47609.322405452935,No Class,328.05,19,48365.162776522586,755.8403710696512,336.83
570,18,50692.353265457365,First Semester,343.46,19,40824.306775730045,-9868.04648972732,341.44
571,19,63259.08342599246,Second Semester,411.3,20,47815.2244896464,-15443.858936346056,528.66
572,17,43018.33365379927,No Class,300.09,18,44119.69503351556,1101.3613797162907,310.6
573,17,42505.91555536819,No Class,297.53,18,60003.19691194402,17497.281356575826,390.02
574,18,43803.84947292645,Second Semester,309.02,19,47944.67237825192,4140.822905325469,427.95
575,18,34150.087317901336,Second Semester,260.75,19,50130.79735333486,15980.710035433527,499.47
576,19,58196.28137503742,First Semester,385.98,20,42307.63072554958,-15888.650649487841,305.18
577,19,51923.69646744246,No Class,354.62,20,53259.58955891476,1335.8930914723023,366.3
578,18,52071.71974217929,No Class,350.36,19,34074.66825251189,-17997.0514896674,265.37
579,17,49566.52645652313,First Semester,332.83,18,20026.34626502611,-29540.180191497016,306.48
580,18,44898.3955857589,First Semester,314.49,19,70741.11660429125,25842.72101853235,604.09
581,18,41765.81386223777,Second Semester,298.83,19,58951.247822938334,17185.433960700568,585.73
582,18,58518.56403292672,Second Semester,382.59,19,57664.650657634666,-853.9133752920534,596.54
583,17,35738.15327079848,First Semester,263.69,18,27516.663209068567,-8221.490061729914,259.79
584,18,54402.98941965411,Second Semester,362.01,19,58109.855728785486,3706.866309131372,525.39
585,17,42073.88349242316,First Semester,295.37,18,56458.04984106956,14384.166348646395,468.81
586,18,52823.10214545467,No Class,354.12,19,50184.62206530054,-2638.480080154135,345.93
587,18,42593.09477809847,First Semester,302.97,19,59662.90700786434,17069.81222976587,529.33
588,17,44766.5831731597,First Semester,308.83,18,62765.97482241506,17999.39164925536,495.44
589,19,67693.65917027011,No Class,433.47,20,49717.282208537064,-17976.376961733047,348.59
590,17,56682.82618933513,Second Semester,368.41,18,71426.03931541769,14743.213126082555,584.93
591,17,28551.029757243403,Second Semester,227.76,18,61377.80834474796,32826.77858750455,647.58
592,18,51264.12416100317,First Semester,346.32,19,63856.04650350076,12591.922342497586,568.83
593,19,45481.87063742775,No Class,322.41,20,47691.265044257314,2209.3944068295605,338.46
594,18,38633.73812222331,Second Semester,283.17,19,49623.21001555424,10989.471893330934,387.73
595,19,52097.85890431194,First Semester,355.49,20,41312.853064234034,-10785.005840077909,387.33
596,17,51299.65516019362,Second Semester,341.5,18,55277.37539754373,3977.720237350106,456.86
597,18,46714.93427431917,Second Semester,323.57,19,53772.12006099532,7057.185786676157,692.15
598,17,69727.03567337451,No Class,433.64,18,51958.47731638748,-17768.558356987036,349.8
599,19,27513.099331834426,Second Semester,232.57,20,43852.781996909594,16339.682665075168,439.61
600,20,58382.19387278491,First Semester,391.91,21,48564.320301124666,-9817.873571660246,505.22
601,19,47109.767295374266,No Class,330.55,20,71843.67371902817,24733.906423653905,459.22
602,18,56565.134105793826,Second Semester,372.83,19,41243.826750395136,-15321.30735539869,457
603,18,45460.02299361318,First Semester,317.3,19,46736.05255742494,1276.0295638117605,434.12
604,17,44061.35437554902,Second Semester,305.31,18,36263.95818496918,-7797.396190579835,451.04
605,19,32896.20333605373,No Class,259.48,20,37972.34479045271,5076.141454398981,289.86
606,18,47905.51571727262,Second Semester,329.53,19,47988.96538493055,83.44966765792924,476.39
607,17,74787.4580135709,No Class,458.94,18,46891.48333123569,-27895.974682335203,324.46
608,17,59897.02208129369,No Class,384.49,18,44522.53357555799,-15374.488505735702,312.62
609,18,66755.72155826828,Second Semester,423.78,19,42874.63474990474,-23881.086808363543,509.35
610,17,59149.65318314041,Second Semester,380.75,18,48935.417306200805,-10214.235876939609,518.27
611,18,61442.627079618556,No Class,397.21,19,62907.21570276456,1464.5886231460026,409.53
612,17,59028.76414499107,Second Semester,380.14,18,47243.08755196988,-11785.676593021191,375.11
613,20,54753.92431765103,Second Semester,373.77,21,37526.359431957404,-17227.564885693624,409.3
614,18,44174.71226002992,Second Semester,310.87,19,39774.9560527428,-4399.756207287122,412.47
615,19,44670.652626765244,Second Semester,318.35,20,29954.349684753113,-14716.302942012131,369.4
616,17,33991.60003624712,First Semester,254.96,18,33039.57861671022,-952.0214195368972,408.46
617,18,49941.822861200075,No Class,339.71,19,43152.08808098886,-6789.734780211213,310.76
618,17,58993.55675856713,Second Semester,379.97,18,40747.63765703905,-18245.91910152808,532.96
619,17,60319.225565260735,No Class,386.6,18,38935.225838688275,-21383.99972657246,284.68
620,20,50951.327044554186,Second Semester,354.76,21,71887.05836497789,20935.7313204237,559.13
621,17,44523.723827780894,Second Semester,307.62,18,69386.87636833425,24863.15254055336,619.42
622,18,82905.17443318531,No Class,504.53,19,77926.29765643601,-4978.876776749297,484.64
623,19,57366.85531250424,Second Semester,381.83,20,59153.20696618404,1786.3516536798052,475.58
624,18,64205.753048791354,No Class,411.03,19,49306.89027918773,-14898.86276960362,341.54
625,17,46623.19359332676,No Class,318.12,18,40045.76270826851,-6577.430885058253,290.23
626,19,49620.42372945405,Second Semester,343.1,20,39441.95424756981,-10178.46948188424,413.78
627,18,54486.07097706726,Second Semester,362.43,19,45782.823551556816,-8703.247425510446,491.82
628,17,66765.22311948294,No Class,418.83,18,64445.469729262775,-2319.7533902201612,412.23
629,17,46885.25454543872,Second Semester,319.43,18,57997.9409045607,11112.68635912198,518.66
630,20,58536.15666783069,First Semester,392.68,21,60339.752071359326,1803.595403528634,472.68
631,17,29051.85365679771,No Class,230.26,18,49035.225008765585,19983.371351967875,335.18
632,17,44927.45565918367,No Class,309.64,18,34686.81839927796,-10240.637259905714,263.44
633,19,37079.90923236686,Second Semester,280.4,20,54427.2280536856,17347.31882131874,446.69
634,18,61133.62717357099,No Class,395.67,19,48746.57429332279,-12387.0528802482,338.73
635,17,48355.46911719743,First Semester,326.78,18,47808.43777493201,-547.0313422654144,413.46
636,17,46096.25917993258,Second Semester,315.48,18,73933.81889811892,27837.559718186334,612.82
637,18,63690.99846198575,First Semester,408.45,19,60131.75847379481,-3559.239988190937,523.77
638,19,61162.72858240025,First Semester,400.81,20,48601.73486128313,-12560.99372111712,399.21
639,19,41019.78796532503,First Semester,300.1,20,31013.81259500515,-10005.975370319877,384.41
640,18,54278.66487609647,No Class,361.39,19,47990.26455740056,-6288.400318695909,334.95
641,17,37715.5543148775,No Class,273.58,18,61399.083661051955,23683.52934617445,397
642,18,45243.84975788821,Second Semester,316.22,19,54914.62042349962,9670.77066561141,449.74
643,18,66165.7763714695,Second Semester,420.83,19,53857.12736416292,-12308.64900730658,481.52
644,19,64501.27951330443,First Semester,417.51,20,61973.483210844934,-2527.7963024594937,532.39
645,18,61090.18755466837,No Class,395.45,19,49225.39513424434,-11864.792420424033,341.13
646,19,44290.96113669676,First Semester,316.45,20,47369.07873522403,3078.117598527271,402.21
647,17,31185.68529724446,No Class,240.93,18,48333.35559647585,17147.670299231388,331.67
648,18,38243.018159758416,Second Semester,281.22,19,58712.38573833738,20469.367578578967,491.79
649,19,59525.5652462752,Second Semester,392.63,20,48171.84462487461,-11353.720621400586,488.02
650,19,47094.32113834912,First Semester,330.47,20,58983.16199561014,11888.84085726102,496.69
651,17,28373.9185443202,No Class,226.87,18,38104.07199673469,9730.153452414488,280.52
652,18,48198.12512283538,Second Semester,330.99,19,37653.81727548878,-10544.307847346601,489.34
653,19,64102.39221124576,No Class,415.51,20,52337.52788721765,-11764.864324028109,361.69
654,17,56434.68640519534,First Semester,367.17,18,58984.02315887428,2549.3367536789447,473.25
655,18,41787.41456470578,First Semester,298.94,19,46719.64438176685,4932.229817061067,343.56
656,17,34540.833479349756,No Class,257.7,18,44937.07587836054,10396.242399010785,314.68
657,19,41734.52774363212,No Class,303.67,20,21186.55024745661,-20547.97749617551,205.93
658,19,50345.27671321522,First Semester,346.73,20,54930.36917932011,4585.092466104885,441.86
659,19,58880.73700912057,First Semester,389.4,20,41520.02272320044,-17360.714285920127,376.07
660,18,30600.59845209744,No Class,243,19,55227.036514922205,24626.438062824764,371.13
661,19,60232.01755274123,Second Semester,396.16,20,65985.72309101069,5753.70553826946,523.99
662,19,50054.577265880216,First Semester,345.27,20,45792.85001776305,-4261.727248117168,445.06
663,20,55697.78969605829,Second Semester,378.49,21,58315.61650631575,2617.8268102574657,696.69
664,18,33467.4443676513,First Semester,257.34,19,49398.26938037484,15930.825012723544,481.7
665,17,43333.456198778185,No Class,301.67,18,54870.3486749724,11536.892476194218,364.35
666,18,45517.65810734476,Second Semester,317.59,19,38864.10645456458,-6653.551652780181,430.03
667,18,60438.91348309028,Second Semester,392.19,19,55387.14774674511,-5051.765736345165,552.15
668,18,60281.74047395416,No Class,391.41,19,64702.09621671416,4420.355742760003,418.51
669,19,54350.90459248337,Second Semester,366.75,20,69865.47448402162,15514.569891538245,685.89
670,19,66042.12181623884,Second Semester,425.21,20,38532.50312400062,-27509.61869223822,424.11
671,17,44845.888002546344,First Semester,309.23,18,56603.692587750775,11757.80458520443,506.24
672,18,60125.37193773924,Second Semester,390.63,19,45665.74620695959,-14459.625730779648,507.05
673,18,49640.59970209281,Second Semester,338.2,19,56488.56659508911,6847.966892996301,520.08
674,17,43326.57903823591,No Class,301.63,18,49126.129444207465,5799.550405971553,335.63
675,18,59233.80038330838,Second Semester,386.17,19,48395.65071118417,-10838.149672124207,490.37
676,17,63811.003308495,First Semester,404.06,18,58162.04471576704,-5648.958592727955,513.41
677,17,58782.5041618485,No Class,378.91,18,58835.116030726356,52.6118688778588,384.17
678,17,44905.965445777365,Second Semester,309.53,18,53930.308896753704,9024.34345097634,508.08
679,17,45302.12365844901,No Class,311.51,18,55872.518511485934,10570.394853036923,369.36
680,17,63776.75846806003,No Class,403.88,18,54973.83433159953,-8802.924136460497,364.87
681,18,53528.26406417748,Second Semester,357.64,19,53922.927016306436,394.66295212895784,494.24
682,19,58295.73979321121,First Semester,386.48,20,51957.91668112302,-6337.82311208819,430.09
683,17,46612.98016335694,No Class,318.06,18,60613.90737053068,14000.927207173743,393.06
684,17,62610.349364646514,No Class,398.05,18,58453.94256868108,-4156.406795965435,382.27
685,17,41912.448550378074,First Semester,294.56,18,59336.29480500625,17423.846254628173,501.23
686,18,56253.51520866631,No Class,371.27,19,62623.16923418801,6369.654025521704,408.12
687,18,41828.250344318876,First Semester,299.14,19,56768.04199665281,14939.791652333937,476.09
688,18,25374.24983414232,Second Semester,216.87,19,49393.517548706004,24019.267714563684,469.66
689,18,36570.42489320329,No Class,272.85,19,39560.560555924734,2990.135662721441,292.8
690,17,51362.95199210162,First Semester,341.81,18,45875.65923508327,-5487.292757018346,428.2
691,18,58829.227496258274,No Class,384.15,19,41865.473368341656,-16963.754127916618,304.33
692,19,32486.979169051847,Second Semester,257.43,20,47865.65983675985,15378.680667708002,442.94
693,19,37485.75531080474,No Class,282.43,20,45484.406987275936,7998.651676471192,327.42
694,17,67645.45996575485,First Semester,423.23,18,48934.79893329201,-18710.661032462842,394.56
695,17,45661.00650176736,Second Semester,313.31,18,40249.05085812042,-5411.955643646943,523.66
696,20,55057.001319306015,No Class,375.29,21,44465.82777597348,-10591.173543332538,327.33
697,18,44730.6467862268,Second Semester,313.65,19,54733.66514931827,10003.018363091476,465.78
698,18,47014.17114848495,Second Semester,325.07,19,53242.862511777486,6228.691363292535,530.16
699,18,50872.442066052376,No Class,344.36,19,46757.268343492506,-4115.17372255987,328.78
700,17,50109.618427990055,First Semester,335.55,18,61634.63448653568,11525.016058545625,449.76
701,17,48074.39788957935,No Class,325.37,18,33768.14086600279,-14306.25702357656,258.84
702,17,45302.03514856261,No Class,311.51,18,56068.96538988436,10766.930241321752,370.34
703,17,19521.391102012763,Second Semester,182.61,18,67483.22095476648,47961.82985275372,563.58
704,18,68686.55500333704,Second Semester,433.43,19,46717.598538389495,-21968.956464947543,502.01
705,17,67904.24208243037,No Class,424.52,18,55069.6416394289,-12834.600443001473,365.35
706,19,38989.18258280768,Second Semester,289.95,20,45137.97596509507,6148.793382287389,415.12
707,18,48318.92477890032,Second Semester,331.59,19,50768.84211947909,2449.9173405787733,534.54
708,17,63752.753047124934,First Semester,403.76,18,59563.83635228517,-4188.9166948397615,498.76
709,18,59982.90023052202,First Semester,389.91,19,41402.84794536757,-18580.052285154452,386.18
710,19,62766.01618745772,First Semester,408.83,20,45174.38162363405,-17591.634563823667,438.15
711,19,39282.53081840204,No Class,291.41,20,56588.3451475409,17305.814329138862,382.94
712,18,75772.68096197968,Second Semester,468.86,19,55364.95174210681,-20407.729219872876,526.32
713,18,38665.40040229673,No Class,283.33,19,59472.02140902927,20806.621006732545,392.36
714,18,57539.163418832875,First Semester,377.7,19,64153.85606741337,6614.692648580494,473.79
715,19,51412.75980445689,Second Semester,352.06,20,59083.45378870592,7670.693984249032,461.59
716,19,45962.89682037969,No Class,324.81,20,39684.8576242615,-6278.039196118189,298.42
717,19,46205.842018189804,Second Semester,326.03,20,52614.70434871155,6408.862330521748,519.44
718,18,40086.03187468997,No Class,290.43,19,46809.58208738589,6723.550212695918,329.05
719,18,66226.59795756807,Second Semester,421.13,19,50938.49626981566,-15288.101687752409,439.41
720,18,50895.13227762751,Second Semester,344.48,19,60632.304731586,9737.17245395849,546.05
721,17,52592.179492143776,First Semester,347.96,18,53899.63216062806,1307.4526684842858,377.09
722,17,52096.32833061035,No Class,345.48,18,52629.4777821933,533.1494515829545,353.15
723,19,46248.29246939134,First Semester,326.24,20,49738.79517332328,3490.5027039319393,402.24
724,17,38659.787552449525,Second Semester,278.3,18,55168.69430099831,16508.906748548783,532.17
725,18,52537.26309683961,Second Semester,352.69,19,38624.43552013948,-13912.827576700132,500.85
726,18,29063.60550041073,First Semester,235.32,19,46573.74574792528,17510.140247514548,436.33
727,19,35814.330571643855,No Class,274.07,20,67974.04837844975,32159.717806805893,439.87
728,18,39236.03305061619,Second Semester,286.18,19,57469.2898546259,18233.25680400971,472.68
729,17,39213.21137327646,First Semester,281.07,18,40901.162718969594,1687.9513456931309,373.74
730,19,51071.8881656708,No Class,350.36,20,38100.15507683263,-12971.733088838177,290.5
731,20,65984.87548324744,No Class,429.92,21,40927.032337312434,-25057.843145935003,309.63
732,19,34846.75855935033,First Semester,269.23,20,57091.64699391464,22244.88843456431,540.14
733,17,54336.760205966115,Second Semester,356.68,18,55548.169128117435,1211.4089221513204,548.86
734,19,58995.44753321039,No Class,389.98,20,45029.88581701825,-13965.56171619214,325.15
735,18,40104.67797711124,First Semester,290.52,19,47128.81442056119,7024.136443449948,469.99
736,19,49472.00598477521,First Semester,342.36,20,61271.39473001887,11799.388745243654,556.19
737,19,58236.10902622057,Second Semester,386.18,20,47775.727095356815,-10460.381930863754,511.53
738,18,47444.908974526115,Second Semester,327.22,19,50386.70256162576,2941.7935870996444,563.49
739,18,47793.156527487874,First Semester,328.97,19,54701.604345166124,6908.44781767825,419.85
740,19,53077.26791210618,Second Semester,360.39,20,49085.55987965662,-3991.708032449562,513.41
741,19,49399.86746666729,Second Semester,342,20,43282.22275377059,-6117.6447128966975,446.04
742,19,44443.47110060782,Second Semester,317.22,20,46664.1166108577,2220.6455102498803,495.43
743,20,48613.84980539109,First Semester,343.07,21,39649.49543041382,-8964.354374977265,469.52
744,19,68828.39792386472,No Class,439.14,20,55927.78246808058,-12900.615455784136,379.64
745,18,58736.68679606028,No Class,383.68,19,64986.42128643415,6249.73449037387,419.93
746,17,40854.02927172377,No Class,289.27,18,53564.757676625515,12710.728404901747,357.82
747,21,37550.823776686804,Second Semester,292.75,22,59533.65687503532,21982.833098348514,587.89
748,18,46400.177593173925,Second Semester,322,19,44163.08223818955,-2237.095354984376,428.04
749,20,63287.74700947984,Second Semester,416.44,21,49526.75784923254,-13760.9891602473,481.63
750,18,52926.79118416953,First Semester,354.63,19,49570.82235576709,-3355.968828402438,395.28
751,20,42984.947631593386,No Class,314.92,21,35978.27343645829,-7006.6741951351,284.89
752,18,58822.3456781802,Second Semester,384.11,19,51933.37589657644,-6888.969781603759,499.28
753,19,48666.29611277108,First Semester,338.33,20,56031.991219174626,7365.695106403546,455.18
754,18,38793.21500708582,No Class,283.97,19,58175.767783157426,19382.552776071607,385.88
755,18,54611.924542117886,Second Semester,363.06,19,64814.367428134356,10202.44288601647,616.57
756,18,65241.428101788115,Second Semester,416.21,19,35537.18091383626,-29704.247187951856,393.13
757,19,54344.682981328275,First Semester,366.72,20,57485.34031971638,3140.657338388104,522.94
758,18,51920.00371138929,No Class,349.6,19,58529.27776474231,6609.274053353023,387.65
759,17,43437.568715829424,Second Semester,302.19,18,48794.729015739846,5357.160299910422,527.22
760,18,55683.98530869528,No Class,368.42,19,57325.82299386056,1641.8376851652793,381.63
761,19,39294.29465109615,First Semester,291.47,20,36147.40901521215,-3146.8856358839985,358.97
762,19,33468.50975519109,Second Semester,262.34,20,53251.14407637806,19782.634321186975,601.84
763,19,49566.472315062456,Second Semester,342.83,20,18144.573990387005,-31421.89832467545,342.34
764,17,49654.064942009616,First Semester,333.27,18,54276.61218302744,4622.547241017826,428.74
765,18,73650.55532002811,Second Semester,458.25,19,67816.41627754559,-5834.139042482522,588.54
766,19,37836.526921081015,No Class,284.18,20,67190.86379093648,29354.336869855462,435.95
767,19,51709.063233490444,First Semester,353.55,20,23073.471512773096,-28635.591720717348,265.82
768,18,58050.530936221934,No Class,380.25,19,56617.78184818345,-1432.7490880384867,378.09
769,18,60505.928441158845,Second Semester,392.53,19,47327.92955935668,-13177.998881802167,520.7
770,19,49892.75515340676,No Class,344.46,20,50737.41538998719,844.6602365804283,353.68
771,17,42567.43858570748,Second Semester,297.84,18,27730.598715008266,-14836.839870699216,324.95
772,18,49342.15948130013,First Semester,336.71,19,55042.92526233893,5700.765781038805,534.86
773,18,69397.55991937159,First Semester,436.99,19,45469.432778699724,-23928.127140671866,318.64
774,17,54827.39008175833,No Class,359.14,18,54925.83963343809,98.4495516797615,364.63
775,18,29555.22927441926,Second Semester,237.78,19,48992.20889625548,19436.979621836217,423.22
776,20,64234.591286502495,Second Semester,421.17,21,40232.90566859104,-24001.685617911455,435.86
777,18,55405.02660915081,First Semester,367.03,19,54498.56152912519,-906.4650800256204,432.46
778,18,49664.28228162475,First Semester,338.32,19,57248.22524876696,7583.942967142211,548.59
779,18,49821.36378889901,Second Semester,339.11,19,51570.35251802266,1748.9887291236446,499.23
780,18,48502.102802065965,Second Semester,332.51,19,56954.56666809988,8452.463866033911,551.06
781,19,52565.594809552495,Second Semester,357.83,20,46127.88839827223,-6437.706411280262,523.08
782,19,44961.33066962984,First Semester,319.81,20,64490.408558129864,19529.077888500025,530.1
783,18,52770.11251660008,Second Semester,353.85,19,47241.291041040575,-5528.821475559504,538.87
784,17,40686.43975179259,First Semester,288.43,18,44913.65515661758,4227.215404824987,436.55
785,17,52001.46875274757,No Class,345.01,18,61936.72421604676,9935.255463299189,399.69
786,17,61068.374206664455,No Class,390.34,18,62706.26290131774,1637.8886946532875,403.53
787,19,55092.06113653802,No Class,370.46,20,58146.88418956135,3054.823053023334,390.73
788,17,60337.496764511125,No Class,386.69,18,53315.31992922409,-7022.176835287035,356.58
789,17,39091.312381973825,First Semester,280.46,18,67746.30283880504,28654.99045683122,563.65
790,17,50547.92784472597,First Semester,337.74,18,40388.270613908244,-10159.657230817727,317.64
791,18,56172.50302722063,No Class,370.86,19,62946.5849258858,6774.081898665172,409.73
792,17,39319.951322667155,No Class,281.6,18,69001.13526209189,29681.183939424736,435.01
793,19,65658.1433705846,No Class,423.29,20,51573.400528435675,-14084.742842148924,357.87
794,18,39651.91989014739,No Class,288.26,19,57150.08104142672,17498.16115127933,380.75
795,18,51645.187085058395,No Class,348.23,19,57401.873033247764,5756.68594818937,382.01
796,19,51518.32330355081,Second Semester,352.59,20,63532.611087258876,12014.287783708067,500.08
797,18,51216.703019668545,No Class,346.08,19,41982.49052048188,-9234.212499186666,304.91
798,18,47895.75416356532,Second Semester,329.48,19,60404.91503016416,12509.160866598839,413.44
799,18,54499.36787146205,Second Semester,362.5,19,33056.05580522628,-21443.31206623577,395.09
800,19,39688.35508102537,No Class,293.44,20,72807.48722659596,33119.132145570584,464.04
801,18,37106.35811776777,Second Semester,275.53,19,45000.932527397825,7894.574409630055,555.91
802,17,43454.31361886754,First Semester,302.27,18,47679.99486238959,4225.681243522049,379.48
803,19,49426.7589615222,First Semester,342.13,20,53718.29435482278,4291.535393300575,484.34
804,19,62567.47820357046,First Semester,407.84,20,37871.72336786146,-24695.754835709005,411.41
805,18,65874.54139864544,First Semester,419.37,19,48239.60414602213,-17634.937252623306,448.12
806,18,53194.814625447456,First Semester,355.97,19,51645.61812488846,-1549.1965005589955,439.01
807,18,53815.916226931484,First Semester,359.08,19,47430.34137413005,-6385.574852801437,401.24
808,20,47563.551163605545,No Class,337.82,21,72276.08764411705,24712.53648051151,466.38
809,18,50480.530840530344,Second Semester,342.4,19,32239.013164957392,-18241.51767557295,367.99
810,18,35954.54138898208,First Semester,269.77,19,49893.4216357599,13938.880246777822,445.34
811,17,52899.33728895764,First Semester,349.5,18,63377.89653022954,10478.559241271898,571.87
812,17,44644.46417706255,No Class,308.22,18,42220.26955313285,-2424.194623929703,301.1
813,18,53346.78773100549,First Semester,356.73,19,49541.01322103715,-3805.774509968338,403.03
814,18,46540.186608454984,No Class,322.7,19,71404.49141611795,24864.304807662964,452.02
815,18,43383.84265163553,Second Semester,306.92,19,31392.871224670933,-11990.9714269646,394.61
816,19,47808.88623197954,First Semester,334.04,20,42562.22241584016,-5246.6638161393785,417.77
817,18,46330.950893662935,Second Semester,321.65,19,38416.71009293043,-7914.240800732507,484.56
818,19,60945.7820784237,Second Semester,399.73,20,57609.974535044166,-3335.807543379531,524.17
819,17,52092.080824371275,First Semester,345.46,18,41905.650508913866,-10186.430315457408,431.41
820,17,54324.914261532154,Second Semester,356.62,18,55911.958831151525,1587.044569619371,429.75
821,17,37591.46414199224,Second Semester,272.96,18,44219.03298683101,6627.568844838766,504.2
822,19,64968.217096280176,No Class,419.84,20,49398.48162358597,-15569.735472694207,346.99
823,18,51593.70441160762,Second Semester,347.97,19,59990.25623345474,8396.551821847119,550.74
824,19,41437.18596596747,First Semester,302.19,20,52438.53941309955,11001.353447132082,407.41
825,18,53090.46645446821,First Semester,355.45,19,30622.59273335331,-22467.8737211149,231.59
826,17,58704.34029844877,No Class,378.52,18,45373.18159165715,-13331.158706791619,316.86
827,18,36163.22861698439,No Class,270.82,19,58492.74852560465,22329.519908620263,387.47
828,17,66901.06970030561,First Semester,419.51,18,70531.55735620768,3630.487655902063,524.4
829,17,48419.692948216376,First Semester,327.1,18,39294.325477761995,-9125.367470454381,419.92
830,17,61211.70780648645,No Class,391.06,18,48599.47912105989,-12612.228685426555,333
831,19,50722.61319088915,Second Semester,348.61,20,50143.30626152372,-579.3069293654262,519.86
832,17,46675.77155433276,First Semester,318.38,18,43308.051882697175,-3367.719671635583,388.33
833,19,31650.79953373136,Second Semester,253.25,20,36482.355357914494,4831.555824183135,435.41
834,20,38998.27781412809,No Class,294.99,21,70307.36430361262,31309.08648948453,456.54
835,18,49586.59700082569,Second Semester,337.93,19,66522.51182388079,16935.9148230551,586.97
836,18,58278.52545117142,No Class,381.39,19,36228.739475617964,-22049.78597555346,276.14
837,17,31183.213458454284,No Class,240.92,18,31218.29261265753,35.07915420324571,246.1
838,17,63754.41112324243,Second Semester,403.77,18,48087.65461012357,-15666.75651311886,435.29
839,18,63989.90464302975,Second Semester,409.95,19,55519.49195450816,-8470.412688521596,525.87
840,18,38566.837440890595,No Class,282.83,19,49647.73998542558,11080.902544534983,343.23
841,17,54723.0056219311,Second Semester,358.62,18,62857.27825184493,8134.27262991383,561.03
842,21,39663.60786645789,Second Semester,303.32,22,48411.45082338296,8747.842956925073,458.69
843,18,48748.000213117164,Second Semester,333.74,19,38761.747934198065,-9986.252278919099,450.7
844,18,59286.62738846683,First Semester,386.43,19,66958.76407597927,7672.136687512437,545.32
845,19,58683.39647698771,First Semester,388.42,20,48542.71918996731,-10140.6772870204,469.03
846,18,41508.25396366522,No Class,297.54,19,48018.27733609127,6510.023372426047,335.09
847,17,46133.63545524434,No Class,315.67,18,48236.83801672955,2103.20256148521,331.19
848,19,40238.364290028345,Second Semester,296.19,20,51588.04518946129,11349.680899432948,550.6
849,20,53395.43659904915,First Semester,366.98,21,26654.05015849868,-26741.38644055047,358.79
850,18,34409.248355662276,Second Semester,262.05,19,58174.61988618666,23765.371530524382,553.96
851,19,23706.74558448639,No Class,213.53,20,58572.93493647188,34866.18935198549,392.86
852,18,64698.12281872859,First Semester,413.49,19,57607.074503514115,-7091.048315214473,478.26
853,19,72734.72912994724,First Semester,458.67,20,46683.18098814632,-26051.548141800922,455.85
854,17,45449.664597611714,Second Semester,312.25,18,52042.7384822491,6593.073884637386,424.06
855,20,57611.024870948924,First Semester,388.06,21,35933.4169477328,-21677.60792321612,417.39
856,17,49924.97216290279,No Class,334.62,18,54777.69371983987,4852.721556937075,363.88
857,17,64743.13799715992,Second Semester,408.72,18,42420.91875092472,-22322.219246235203,420.01
858,18,55541.43932569381,Second Semester,367.71,19,64827.37571101552,9285.936385321707,709.39
859,18,52036.63965116151,Second Semester,350.18,19,41278.852536096594,-10757.787115064915,415.61
860,20,32008.63548234128,First Semester,260.04,21,29379.603479177644,-2629.0320031636365,207.51
861,19,60829.55680797754,Second Semester,399.15,20,52812.92143161119,-8016.63537636635,596.39
862,18,46491.46384953144,Second Semester,322.46,19,33879.16060721854,-12612.303242312904,378.48
863,17,35965.09915284974,Second Semester,264.83,18,41257.610499352304,5292.511346502564,481.87
864,17,47982.033350866695,Second Semester,324.91,18,59442.3390464964,11460.305695629708,550.76
865,18,48732.218402076964,Second Semester,333.66,19,70659.4833607127,21927.26495863573,664.08
866,21,60592.068726661535,Second Semester,407.96,22,48241.88005484415,-12350.188671817385,447.01
867,17,38326.03967736004,Second Semester,276.63,18,61202.33862564608,22876.298948286043,474.67
868,19,44423.563726815555,First Semester,317.12,20,36537.67945223438,-7885.884274581178,435.94
869,17,64881.19928383159,First Semester,409.41,18,69170.26379998059,4289.064516148996,487.93
870,20,63586.65768770031,Second Semester,417.93,21,50946.58459472109,-12640.073092979219,417.71
871,17,61632.145439023625,First Semester,393.16,18,42811.25744409528,-18820.887994928344,442.95
872,18,66615.2394534788,Second Semester,423.08,19,55174.21117486413,-11441.02827861467,516.96
873,17,52040.309798298964,No Class,345.2,18,42502.88616457501,-9537.423633723956,302.51
874,19,44181.16313130225,First Semester,315.91,20,51528.39181761077,7347.228686308517,571.56
875,19,55552.04061863422,No Class,372.76,20,52068.60643807905,-3483.434180555174,360.34
876,20,60587.23125825928,Second Semester,402.94,21,63275.79723366395,2688.565975404672,592
877,19,74136.3327147105,Second Semester,465.68,20,45050.793514081066,-29085.539200629435,454.07
878,20,30350.17667288812,Second Semester,251.75,21,47058.92697260261,16708.75029971449,452.66
879,19,52732.35703066817,First Semester,358.66,20,52301.93215945913,-430.42487120904116,545.74
880,18,56547.94582869646,Second Semester,372.74,19,60422.432016199906,3874.4861875034476,474.22
881,18,49454.013446396166,Second Semester,337.27,19,70903.76842832087,21449.7549819247,636.54
882,17,34421.77751514888,Second Semester,257.11,18,67612.95778453973,33191.18026939085,611.77
883,18,57415.00892086244,First Semester,377.08,19,61082.68121472333,3667.6722938608873,471.78
884,19,42209.1425873608,Second Semester,306.05,20,31017.69174040315,-11191.450846957654,497.24
885,19,55058.614988305126,First Semester,370.29,20,60946.90991568999,5888.294927384864,467.35
886,18,59075.51706017851,No Class,385.38,19,58910.91390781662,-164.60315236188762,389.56
887,17,62839.57010474594,Second Semester,399.2,18,43673.13016627083,-19166.43993847511,457.2
888,17,34421.36202614431,Second Semester,257.11,18,45068.232784140346,10646.87075799604,488.6
889,17,60817.41848179117,No Class,389.09,18,36623.92137810921,-24193.497103681955,273.12
890,18,42430.186430539805,No Class,302.15,19,50868.25676481409,8438.070334274285,349.34
891,17,37109.805261510395,Second Semester,270.55,18,51951.61516462223,14841.809903111833,639.15
892,19,63143.206659194344,Second Semester,410.72,20,32587.72016323193,-30555.486495962414,449.85
893,17,61462.59973264976,Second Semester,392.31,18,34395.95485376211,-27066.64487888765,515.87
894,20,47574.167322949965,Second Semester,337.87,21,52832.09331288245,5257.9259899324825,475.45
895,18,57595.40706238345,Second Semester,377.98,19,40217.718647138885,-17377.688415244564,341.37
896,17,41396.74258576938,Second Semester,291.98,18,47858.22861512045,6461.486029351072,532.65
897,18,48489.684209479565,Second Semester,332.45,19,61581.02520416157,13091.340994682003,455.2
898,18,49062.76766239128,First Semester,335.31,19,46527.93238652482,-2534.835275866455,360.53
899,18,47192.599454959956,First Semester,325.96,19,52334.175305682955,5141.575850722998,487.21
900,18,57340.987364972425,First Semester,376.7,19,57465.59575812315,124.60839315072371,479.53
901,17,65373.27535495946,First Semester,411.87,18,39191.09403427806,-26182.181320681404,428.31
902,17,45442.28937221097,Second Semester,312.21,18,64048.108730424414,18605.81935821344,646.23
903,18,49673.41547644271,Second Semester,338.37,19,60628.66125143702,10955.245774994313,602.91
904,20,66367.57349165498,First Semester,431.84,21,64366.13557644182,-2001.437915213166,545.95
905,19,46709.580294734624,First Semester,328.55,20,46524.88841954832,-184.69187518630497,460.23
906,17,23959.61829392896,Second Semester,204.8,18,35624.644309185795,11665.026015256833,426.81
907,19,55139.83786447931,Second Semester,370.7,20,56367.21097269922,1227.3731082199083,634.34
908,18,41135.31988888743,Second Semester,295.68,19,57494.58864373462,16359.268754847188,535.62
909,18,40014.61593996074,No Class,290.07,19,77673.87055049263,37659.25461053189,483.37
910,18,64208.16813584852,First Semester,411.04,19,69054.6757235245,4846.50758767598,580.63
911,21,74479.98007015232,Second Semester,477.4,22,46118.730972606594,-28361.249097545726,434.19
912,17,39602.174585964574,Second Semester,283.01,18,40428.83845297397,826.6638670093962,444.5
913,18,60310.2518166676,Second Semester,391.55,19,57520.38411616093,-2789.867700506671,412.74
914,17,49058.52161630367,Second Semester,330.29,18,71929.04617170562,22870.52455540195,607.97
915,19,51418.07459220448,Second Semester,352.09,20,38577.09336216292,-12840.981230041558,353.59
916,19,62222.367014564035,No Class,406.11,20,42804.73310984182,-19417.633904722214,314.02
917,19,52136.74518441066,First Semester,355.68,20,69350.79737297544,17214.052188564783,540.11
918,17,41486.34646139242,Second Semester,292.43,18,70290.46331275329,28804.116851360865,577.04
919,18,45295.911252571386,First Semester,316.48,19,53042.842351688014,7746.931099116628,508.82
920,20,56861.35255298873,No Class,384.31,21,33987.58201549636,-22873.770537492368,274.94
921,18,26640.526681400992,First Semester,223.2,19,45303.00946205594,18662.482780654947,389.4
922,18,60952.443818484724,Second Semester,394.76,19,63257.897824987704,2305.4540065029796,521.44
923,18,34328.499011677595,First Semester,261.64,19,73614.20253621177,39285.703524534176,464.42
924,18,50219.310628183826,No Class,341.1,19,50833.2963281884,613.985700004574,349.17
925,19,48096.4102240804,Second Semester,335.48,20,44369.82609337795,-3726.5841307024457,509.07
926,19,62930.69486024345,No Class,409.65,20,54205.51682061996,-8725.17803962349,371.02
927,18,51888.4931505663,No Class,349.44,19,52521.225340866884,632.7321903005868,357.6
928,18,51019.39134905212,First Semester,345.1,19,41451.979284999405,-9567.412064052718,456.7
929,20,56981.35808858598,No Class,384.91,21,57214.78382405145,233.4257354654692,391.08
930,18,41729.85443809568,No Class,298.65,19,65599.66523180793,23869.810793712248,423
931,18,48041.01143933624,Second Semester,330.21,19,51137.76448649723,3096.7530471609934,487.13
932,17,61775.84413807768,Second Semester,393.88,18,57570.37710587893,-4205.4670321987505,616.67
933,18,56834.73620979851,Second Semester,374.17,19,53646.892848572024,-3187.8433612264853,488.65
934,18,37245.03293247473,First Semester,276.23,19,55846.44398501393,18601.411052539203,424.12
935,18,56379.56367410881,No Class,371.9,19,48756.95755069647,-7622.606123412341,338.79
936,17,36224.103753962794,First Semester,266.12,18,63577.69860809292,27353.594854130126,519.35
937,17,44016.8919628033,Second Semester,305.08,18,53433.93290114007,9417.040938336766,548.34
938,17,62109.20383857005,Second Semester,395.55,18,45720.164754517245,-16389.039084052805,378.99
939,18,27489.548245541486,First Semester,227.45,19,57619.79987011415,30130.251624572662,401.32
940,19,32209.858091191716,No Class,256.05,20,61051.6240206997,28841.765929507987,405.26
941,19,63013.72672826425,Second Semester,410.07,20,50217.92993701256,-12795.79679125169,503.88
942,18,41852.07215947345,No Class,299.26,19,22879.273686380202,-18972.798473093248,209.4
943,17,62437.07018578912,Second Semester,397.19,18,68179.72605916683,5742.655873377713,609.73
944,17,48317.49799243894,No Class,326.59,18,43118.379239317976,-5199.118753120965,305.59
945,18,54277.75678362924,No Class,361.39,19,47333.988969950355,-6943.767813678882,331.67
946,18,58132.78889629239,Second Semester,380.66,19,67995.62276784722,9862.83387155483,444.3
947,17,43487.88130639956,Second Semester,302.44,18,31070.581170727353,-12417.300135672209,292.98
948,20,46954.09076853395,No Class,334.77,21,39381.28421547341,-7572.806553060538,301.91
949,18,45849.028303543644,Second Semester,319.25,19,43130.767558110376,-2718.2607454332683,479.12
950,17,78160.84276022378,No Class,475.8,18,37214.74561365713,-40946.09714656665,276.07
951,18,51261.470690975795,First Semester,346.31,19,62584.527401629864,11323.05671065407,552.36
952,17,54728.004231110855,No Class,358.64,18,64277.209403256646,9549.20517214579,411.39
953,18,46592.464590590505,Second Semester,322.96,19,56259.19937655549,9666.734785964982,503.44
954,18,47582.0935734539,First Semester,327.91,19,46386.23882986808,-1195.85474358582,486.95
955,18,63787.54668857313,No Class,408.94,19,46551.360256072556,-17236.186432500574,327.76
956,17,46611.1633046261,First Semester,318.06,18,45035.23274182299,-1575.930562803107,384.49
957,18,50201.36302760761,No Class,341.01,19,45490.58315404081,-4710.779873566797,322.46
958,18,53769.621641410675,Second Semester,358.85,19,56069.66873563475,2300.0470942240718,515.35
959,17,45682.762549621235,Second Semester,313.41,18,60547.26533662393,14864.502787002697,623.72
960,19,69590.64156177033,First Semester,442.95,20,46205.93428630307,-23384.707275467263,426.95
961,19,35715.403877788274,No Class,273.58,20,54349.399189152,18633.995311363724,371.75
962,20,70112.92979845626,First Semester,450.56,21,25949.17611560383,-44163.75368285243,336.03
963,18,46484.08111120821,First Semester,322.42,19,51796.288218154645,5312.207106946436,408.99
964,18,63571.196468494905,First Semester,407.86,19,41776.3605080636,-21794.83596043131,407.24
965,18,30008.225889925296,First Semester,240.04,19,62534.59838793239,32526.372498007095,475.46
966,18,59560.80621428453,No Class,387.8,19,63451.15628015355,3890.3500658690173,412.25
967,17,58764.31264976865,Second Semester,378.82,18,27936.79849840842,-30827.514151360232,271.72
968,17,37287.83028439914,No Class,271.44,18,60684.333943956735,23396.503659557595,393.42
969,18,42316.76121510372,First Semester,301.58,19,45059.85186596264,2743.090650858925,371.77
970,17,51935.24845470222,No Class,344.68,18,49278.61927238307,-2656.6291823191495,336.4
971,18,61438.3542879701,Second Semester,397.19,19,60434.25868366211,-1004.0956043079859,532.85
972,17,42340.00695971325,Second Semester,296.7,18,58236.256849741294,15896.24989002804,541
973,17,47758.740009467016,Second Semester,323.79,18,42400.255923901845,-5358.484085565171,516.08
974,17,65713.46934977335,First Semester,413.57,18,54360.70094825029,-11352.768401523062,463.73
975,19,38726.52759148508,No Class,288.63,20,46095.71007223349,7369.182480748408,330.48
976,17,59477.93980716859,No Class,382.39,18,64144.4810284881,4666.541221319516,410.72
977,17,54487.68189234896,No Class,357.44,18,34499.53785193507,-19988.144040413892,262.5
978,18,38941.85471443674,Second Semester,284.71,19,59607.42174686531,20665.567032428567,535.39
979,18,43321.321578262185,Second Semester,306.61,19,65606.50892606143,22285.18734779925,639.4
980,18,57832.77510302197,Second Semester,379.16,19,23599.98740354931,-34232.78769947267,507.9
981,20,52489.59432712127,No Class,362.45,21,57801.33926808535,5311.744940964083,394.01
982,17,64250.982774674754,First Semester,406.25,18,47188.71438824965,-17062.2683864251,421.67
983,18,43982.16037908413,No Class,309.91,19,52157.32838568945,8175.168006605316,355.79
984,17,32855.12303620524,First Semester,249.28,18,48164.22145062162,15309.098414416381,489.72
985,20,60478.26926478265,No Class,402.39,21,58267.02172280401,-2211.247541978635,396.33
986,17,43913.78381565872,First Semester,304.57,18,60746.94320745599,16833.15939179727,518.04
987,18,51203.40526822556,Second Semester,346.02,19,57227.866064066795,6024.460795841238,526.58
988,19,67190.41813851801,No Class,430.95,20,49883.92592736359,-17306.492211154422,349.42
989,17,47495.85947688804,No Class,322.48,18,46546.64414687666,-949.215330011386,322.73
990,20,65495.553273969774,No Class,427.48,21,49526.7056038025,-15968.847670167277,352.64
991,19,39028.60350067554,No Class,290.14,20,48613.44291122607,9584.839410550529,343.06
992,17,59255.11236116236,No Class,381.28,18,53153.150351448654,-6101.9620097137085,355.77
993,18,52467.99211870998,First Semester,352.34,19,42341.7473702909,-10126.244748419085,310.66
994,18,42632.2846064855,Second Semester,303.16,19,57138.09612862429,14505.811522138792,472.64
995,18,37199.91061110345,Second Semester,276,19,40517.86400836202,3317.9533972585705,414.19
996,18,50766.43663594508,No Class,343.83,19,35415.0441856639,-15351.392450281179,272.07
997,19,52551.64762454082,Second Semester,357.76,20,53706.66357241864,1155.0159478778223,451.92
998,17,52774.46817034678,Second Semester,348.87,18,55360.545042617545,2586.0768722707653,447.13
999,17,55368.560222315486,Second Semester,361.84,18,61766.90551558252,6398.345293267033,524.06
1000,18,45395.14434023289,No Class,316.98,19,58623.79871316946,13228.654372936573,388.12
