student_id,age,household_income,finance_class,personal_savings
1,19.31857306034336,46757.268343492506,Second Semester,1408.5324769758035
2,20.309467531550162,61634.63448653568,Second Semester,1325.4391457290312
3,25.676124942447373,33768.14086600279,First Semester,1450.9419643995332
4,21.211525174273728,56068.96538988436,No Class,916.6905821776336
5,21.387863205482837,67483.22095476648,No Class,979.0520009383175
6,26.145194960649842,46717.598538389495,First Semester,1497.6445619754666
7,22.382748617967607,55069.6416394289,No Class,946.8306667361728
8,17.204816296180397,45137.97596509507,Second Semester,1321.144348626386
9,18.93944144431942,50768.84211947909,Second Semester,1325.8711380745776
10,19.663014089700127,59563.83635228517,Second Semester,1370.8933052706277
11,24.672245392318384,41402.84794536757,First Semester,1388.7626605978303
12,22.07944148117209,45174.38162363405,No Class,888.255152553333
13,22.202314351782157,56588.3451475409,First Semester,1538.2010229429522
14,21.33204814783536,55364.95174210681,First Semester,1530.7195107504424
15,19.332476595737774,59472.02140902927,First Semester,1379.2786532640896
16,26.360739410409234,64153.85606741337,First Semester,1938.7697377434897
17,22.493551434687717,59083.45378870592,First Semester,1469.9244907668149
18,15.100148530111085,39684.8576242615,Second Semester,1443.8111390378199
19,23.104067704691058,52614.70434871155,No Class,956.1955528842896
20,19.581625776816196,46809.58208738589,First Semester,1308.1087315348864
21,17.796528882039464,50938.49626981566,Second Semester,1131.5176415935834
22,20.346075256025113,60632.304731586,Second Semester,1271.0671233216058
23,17.921986655078282,53899.63216062806,First Semester,1220.0107661467086
24,18.81332631212658,52629.4777821933,First Semester,1475.387976519023
25,19.12488219645223,49738.79517332328,No Class,822.4404417601833
26,15.93992006777276,55168.69430099831,First Semester,1424.3734037507925
27,23.513361133483574,38624.43552013948,First Semester,1438.2838709013388
28,21.460119353509544,46573.74574792528,No Class,876.6723093449127
29,17.585589188964157,67974.04837844975,First Semester,1398.287446817984
30,24.76144476320978,57469.2898546259,First Semester,1476.4942629056186
31,22.27939266443044,40901.162718969594,No Class,872.8875935277612
32,20.114785551023186,38100.15507683263,Second Semester,1226.2767822780686
33,23.685376983135065,40927.032337312434,Second Semester,1343.4061609646503
34,23.634400462599125,57091.64699391464,Second Semester,1407.4352493574506
35,23.464743244912462,55548.169128117435,No Class,981.683142987961
36,23.065920762300273,45029.88581701825,No Class,917.1270519540994
37,22.661752960612766,47128.81442056119,First Semester,1361.5044159363565
38,20.814264868269834,61271.39473001887,No Class,930.7849196981894
39,20.08211200878025,47775.727095356815,Second Semester,1279.073018944328
40,19.858586996962853,50386.70256162576,No Class,847.6911227170144
41,18.915879063238464,54701.604345166124,First Semester,1393.8381385792418
42,20.376248165941202,49085.55987965662,First Semester,1433.7971115459231
43,17.203810945295206,43282.22275377059,Second Semester,1392.843517571214
44,27.50686789601554,46664.1166108577,Second Semester,1313.6644845718329
45,24.62388599491497,39649.49543041382,Second Semester,1486.4760251894436
46,17.63067425038995,55927.78246808058,Second Semester,1276.7122920231748
47,19.79134549410277,64986.42128643415,Second Semester,1392.033411000224
48,19.600033939130345,53564.757676625515,Second Semester,1191.6543955632133
49,23.339895355008952,59533.65687503532,First Semester,1494.5773395448566
50,20.74989280058451,44163.08223818955,No Class,843.3121952084831
51,21.759955541984265,49526.75784923254,First Semester,1322.8317449566216
52,20.91435973395389,49570.82235576709,No Class,875.2849037974521
53,20.871388628126052,35978.27343645829,No Class,806.033026026073
54,25.105806852043372,51933.37589657644,No Class,1012.8410850441834
55,20.322687043022196,56031.991219174626,Second Semester,1425.416510211332
56,25.54941181328862,58175.767783157426,Second Semester,1446.0802748951596
57,16.353741587309337,64814.367428134356,First Semester,1659.2832825799308
58,22.75384124890821,35537.18091383626,Second Semester,1282.0912553356286
59,21.371562731533842,57485.34031971638,First Semester,1400.3532524113928
60,21.64782470623192,58529.27776474231,No Class,942.0811300106691
61,22.138918448279647,48794.729015739846,No Class,908.1411985270886
62,19.49302964067209,57325.82299386056,First Semester,1248.5433850583097
63,20.00037784899174,36147.40901521215,Second Semester,1248.2310808894329
64,17.944273850678734,53251.14407637806,Second Semester,1518.0093964430816
65,17.784626320573267,18144.573990387005,Second Semester,1085.572451275999
66,21.910585924212775,54276.61218302744,No Class,928.7006386415204
67,22.34462933588828,67816.41627754559,First Semester,1570.441347246281
68,21.159012680191513,67190.86379093648,No Class,970.7246993604278
69,23.76680240363921,23073.471512773096,First Semester,1234.3934521594504
70,27.150254056881433,56617.78184818345,Second Semester,1751.432889748959
71,19.526906501830393,47327.92955935668,No Class,822.4468428516951
72,14.072493373077563,50737.41538998719,No Class,675.8618781422629
73,24.01721557338677,27730.598715008266,First Semester,1406.0046205932545
74,18.872397712252823,55042.92526233893,First Semester,1269.7232549093942
75,18.935974150597925,45469.432778699724,Second Semester,1318.4702828976378
76,24.076714109090098,54925.83963343809,Second Semester,1458.2442523085165
77,20.145680978846972,48992.20889625548,First Semester,1400.2023204974696
78,17.337846863236393,40232.90566859104,No Class,721.299934240047
79,21.54391043924745,54498.56152912519,Second Semester,1337.8704610885834
80,20.583325912682866,57248.22524876696,No Class,903.7409036243207
81,21.017292557699662,51570.35251802266,First Semester,1434.6921252894404
82,22.15584120337899,56954.56666809988,Second Semester,1607.7659055422719
83,19.888019904622773,46127.88839827223,No Class,827.2800391300444
84,22.933129645556498,64490.408558129864,Second Semester,1636.7220949541852
85,20.33854031454375,47241.291041040575,No Class,846.3626646415153
86,21.995345891747093,44913.65515661758,Second Semester,1414.9279038140025
87,24.290517039448044,61936.72421604676,Second Semester,1571.7667957450967
88,22.30554447250141,62706.26290131774,First Semester,1524.8479495754982
89,20.02220524340632,58146.88418956135,No Class,891.4005782499962
90,24.446422855353283,53315.31992922409,Second Semester,1589.8072608709838
91,23.98051156788636,67746.30283880504,First Semester,1596.739575916778
92,22.64519087852421,40388.270613908244,First Semester,1441.9060911560978
93,21.716195205334323,62946.5849258858,Second Semester,1529.9999335417365
94,19.116281771881887,69001.13526209189,Second Semester,1441.2735138380415
95,25.081957345590023,51573.400528435675,First Semester,1582.3706654179477
96,19.199221238558618,57150.08104142672,Second Semester,1367.510978036355
97,27.56199897904973,57401.873033247764,First Semester,1714.997973163754
98,25.597831878555567,63532.611087258876,No Class,1085.5980117929614
99,20.29289892269857,41982.49052048188,First Semester,1275.874283010092
100,17.920737299079658,60404.91503016416,First Semester,1359.0237883469326
101,18.868780308902096,33056.05580522628,Second Semester,1234.5900994788126
102,21.770651127469588,72807.48722659596,First Semester,1409.7415145426946
103,20.25992436461288,45000.932527397825,Second Semester,1452.6849925491783
104,19.957372201806802,47679.99486238959,No Class,837.1211403661521
105,18.145144298204954,53718.29435482278,No Class,812.9458007202625
106,20.86491682557324,37871.72336786146,Second Semester,1199.0628002664355
107,18.64528659162877,48239.60414602213,Second Semester,1431.0695405952122
108,15.996174190235589,51645.61812488846,First Semester,1131.2666687597584
109,19.859320439136713,47430.34137413005,Second Semester,1234.7229734864375
110,23.7569898271823,72276.08764411705,First Semester,1660.1789821435254
111,19.273959112174825,32239.013164957392,First Semester,1231.2393464732388
112,22.8238929666751,49893.4216357599,No Class,934.1838971790526
113,16.14635187513251,63377.89653022954,No Class,801.2800389051231
114,20.833314103426382,42220.26955313285,No Class,836.1007708684557
115,22.558221611830387,49541.01322103715,No Class,924.4517144600974
116,21.903460086500143,71404.49141611795,First Semester,1329.6071757452341
117,21.31702858244683,31392.871224670933,First Semester,1446.817251810135
118,19.07788197508387,42562.22241584016,First Semester,1036.2948282513325
119,18.450886961899254,38416.71009293043,No Class,745.6101593216298
120,17.92761362818526,57609.974535044166,No Class,825.8782815207786
121,21.35293979130038,41905.650508913866,No Class,850.1164462835807
122,18.157576157445593,55911.958831151525,Second Semester,1255.0344767470929
123,19.528327668897994,44219.03298683101,No Class,806.9449950010949
124,20.23172342340526,49398.48162358597,Second Semester,1201.9101764924553
125,26.53158601569662,59990.25623345474,No Class,1095.8988616381723
126,19.044150294913624,52438.53941309955,Second Semester,1276.7204557015107
127,21.70615971685457,30622.59273335331,Second Semester,1313.165868085513
128,21.23388254869113,45373.18159165715,Second Semester,1330.5283068699966
129,18.114430097609613,58492.74852560465,First Semester,1278.0112305652801
130,20.786075741629205,70531.55735620768,Second Semester,1459.8604734569913
131,25.333652575270047,39294.325477761995,Second Semester,1483.3977457227122
132,22.354512159237643,48599.47912105989,No Class,913.6327603824288
133,21.12369876597882,50143.30626152372,First Semester,1298.851536078283
134,19.732509502981124,43308.051882697175,First Semester,1101.029921837844
135,14.840258335378454,36482.355357914494,No Class,627.6195268509261
136,24.394011640242525,70307.36430361262,No Class,1083.3571707253388
137,16.618079787225533,66522.51182388079,First Semester,1238.5703663073743
138,23.219842532632004,36228.739475617964,No Class,877.7389733570499
139,26.72731070765245,31218.29261265753,First Semester,1267.4750051654428
140,16.668320517084602,48087.65461012357,Second Semester,1304.0217619497648
141,23.105353006124133,55519.49195450816,Second Semester,1657.7738887491973
142,20.213407531792598,49647.73998542558,First Semester,1240.0947320327778
143,16.283567522563537,62857.27825184493,Second Semester,1214.24987251908
144,16.455997038654747,48411.45082338296,First Semester,1148.1837752078404
145,16.195391479276218,38761.747934198065,Second Semester,1258.5095296834352
146,19.407280433489092,66958.76407597927,Second Semester,1420.146701781988
147,16.6147332450123,48542.71918996731,Second Semester,1290.0503748945994
148,23.063750318927482,48018.27733609127,Second Semester,1509.1508841174007
149,27.300326821577016,48236.83801672955,Second Semester,1584.9774555978718
150,17.13890857189446,51588.04518946129,First Semester,1316.8906469179697
151,23.363216542425533,26654.05015849868,Second Semester,1217.910220543113
152,23.30712672300273,58174.61988618666,Second Semester,1483.9080729106317
153,21.996607736850354,58572.93493647188,Second Semester,1391.152560331178
154,17.974870175168977,57607.074503514115,First Semester,1196.7985474098768
155,20.641642180108025,46683.18098814632,Second Semester,1235.7667360413304
156,20.15881399448926,52042.7384822491,No Class,864.9781122459233
157,22.68896859966144,35933.4169477328,Second Semester,1454.09709750023
158,19.882683731688513,54777.69371983987,First Semester,1240.3142818462643
159,23.930920160056864,42420.91875092472,Second Semester,1389.5993958801594
160,19.87625742669896,64827.37571101552,No Class,920.4246013560464
161,24.158134396737996,41278.852536096594,First Semester,1529.3947995051508
162,17.852468980001802,29379.603479177644,Second Semester,1215.3980361110816
163,17.219534265725663,52812.92143161119,First Semester,1345.8853584752646
164,30.723119804827213,33879.16060721854,Second Semester,1624.22733299239
165,19.749427235518706,41257.610499352304,Second Semester,1283.883335845019
166,21.894682774622147,59442.3390464964,First Semester,1234.0804206751911
167,22.909709022101545,70659.4833607127,First Semester,1479.7048359769576
168,19.548658122873768,48241.88005484415,Second Semester,1189.8383469536877
169,22.55058613294083,61202.33862564608,No Class,982.5292771164552
170,22.10689358215526,36537.67945223438,Second Semester,1308.0867761390057
171,20.35385847707492,69170.26379998059,First Semester,1661.8777806238454
172,21.195879100575947,50946.58459472109,Second Semester,1404.4318363172729
173,20.89779823878461,42811.25744409528,First Semester,1269.0756066086797
174,27.385355697048546,55174.21117486413,Second Semester,1686.300970851325
175,18.775991711181515,42502.88616457501,First Semester,1324.9314750057902
176,17.712011198776008,51528.39181761077,First Semester,1280.9672881407564
177,21.113365197513236,52068.60643807905,No Class,893.7439881157923
178,21.93144224832941,63275.79723366395,Second Semester,1451.5591285657306
179,22.30957043673055,45050.793514081066,First Semester,1379.9925223492737
180,19.624904001866682,47058.92697260261,No Class,824.0417549190134
181,17.810021598086426,52301.93215945913,First Semester,1288.6683061823587
182,24.78955552826847,60422.432016199906,First Semester,1607.7518503939443
183,19.951048836139336,70903.76842832087,No Class,953.0503072257845
184,18.403461412039878,67612.95778453973,Second Semester,1402.9342989085826
185,20.29116129317671,61082.68121472333,No Class,914.148244868918
186,20.408472316954345,31017.69174040315,No Class,767.3426282106461
187,24.32976086914092,60946.90991568999,Second Semester,1471.889711082879
188,21.25421187659159,58910.91390781662,Second Semester,1515.6180752306204
189,23.262161355553566,43673.13016627083,No Class,916.2304914979611
190,19.502123948483217,45068.232784140346,No Class,810.4048823751982
191,21.643335928744804,36623.92137810921,First Semester,1262.5792899217272
192,20.025942265527497,50868.25676481409,First Semester,1486.043600008767
193,21.283750584520714,51951.61516462223,No Class,898.2705933587326
194,18.313909926067375,32587.72016323193,Second Semester,1114.3381359093446
195,17.067595400016085,34395.95485376211,Second Semester,1258.8061465438473
196,26.9916401542439,52832.09331288245,Second Semester,1699.6893332598097
197,22.802126471017253,40217.718647138885,No Class,885.152387366212
198,17.246185915125167,47858.22861512045,Second Semester,1378.8950557671371
199,19.166502249958736,61581.02520416157,First Semester,1371.6841092495176
200,17.44355974620807,46527.93238652482,No Class,755.9464543188662
201,27.59643104665116,52334.175305682955,Second Semester,1658.7838222213718
202,24.93723892930053,57465.59575812315,Second Semester,1321.6809966841188
203,20.20456482991094,39191.09403427806,Second Semester,1346.5160134727416
204,22.629582177696268,64048.108730424414,Second Semester,1488.1993215472203
205,19.756980156243422,60628.66125143702,No Class,895.8527109444879
206,19.571259316153267,64366.13557644182,Second Semester,1468.9509229450514
207,18.63419148644927,46524.88841954832,First Semester,1302.5260940600579
208,19.216148197621468,35624.644309185795,Second Semester,1384.0873573362505
209,25.95272240201007,56367.21097269922,Second Semester,1543.3526513579927
210,20.83791562474368,57494.58864373462,First Semester,1485.9843638305908
211,21.357735709282753,77673.87055049263,Second Semester,1518.505815869024
212,21.731062288797276,69054.6757235245,Second Semester,1562.7815044766617
213,24.697427635456012,46118.730972606594,First Semester,1348.389874589784
214,19.45180850716566,40428.83845297397,No Class,785.6984474798396
215,18.022478548823887,57520.38411616093,First Semester,1388.9332284494378
216,26.02709079720957,71929.04617170562,No Class,1140.4579547748153
217,19.676510349284143,38577.09336216292,Second Semester,1244.22173166615
218,18.830802090180377,42804.73310984182,First Semester,1318.4292302677245
219,17.29118064335012,69350.79737297544,First Semester,1277.9575512876258
220,17.14585283304661,70290.46331275329,No Class,865.8279015551648
221,19.27807956210604,53042.842351688014,First Semester,1397.7206898342054
222,22.853957451499586,33987.58201549636,Second Semester,1654.7091663556025
223,24.329544416789155,45303.00946205594,First Semester,1610.453430462541
224,23.122765061506765,63257.897824987704,Second Semester,1608.0103204606191
225,19.909028108714242,73614.20253621177,First Semester,1403.4403591043197
226,21.179249812153802,50833.2963281884,First Semester,1422.0300226322531
227,18.88621060895979,44369.82609337795,No Class,788.4354487356834
228,18.84834551527797,54205.51682061996,Second Semester,1320.64411646683
229,23.65395149693076,52521.225340866884,No Class,972.2246716122572
230,17.953222264189368,41451.979284999405,First Semester,1047.3436748699874
231,26.86588189647739,57214.78382405145,Second Semester,1568.0335863048415
232,20.729041218102445,65599.66523180793,First Semester,1418.2157580753865
233,21.643616479887648,51137.76448649723,Second Semester,1396.0342852418871
234,18.78441688578128,57570.37710587893,Second Semester,1298.1836927321283
235,19.27683393071019,53646.892848572024,Second Semester,1411.7223781404773
236,17.048951603084276,55846.44398501393,Second Semester,1482.5588259878846
237,20.45122383488182,48756.95755069647,First Semester,1472.8872179343216
238,22.25694721477339,63577.69860809292,Second Semester,1551.615427400512
239,21.97291303248414,53433.93290114007,Second Semester,1431.8639642385783
240,18.655390538835746,45720.164754517245,Second Semester,1295.835777965122
241,18.634134087437996,57619.79987011415,No Class,847.1230219737106
242,19.493403844971418,61051.6240206997,First Semester,1505.81249363396
243,25.488182009539052,50217.92993701256,Second Semester,1643.8999999109997
244,17.588089138002765,22879.273686380202,First Semester,1082.8443568622167
245,20.462845216859403,68179.72605916683,Second Semester,1549.764321751938
246,26.707085465036783,43118.379239317976,No Class,1016.8044601476934
247,20.697075344013573,47333.988969950355,Second Semester,1239.27122666273
248,16.92047788853582,67995.62276784722,Second Semester,1228.326590017436
249,19.005691694177813,31070.581170727353,First Semester,1385.1019901584023
250,22.456379936714633,39381.28421547341,First Semester,1374.291746028985
251,19.87319138499068,43130.767558110376,Second Semester,1315.2277892835996
252,19.31437090935065,37214.74561365713,First Semester,1363.407157317201
253,19.968248297614622,62584.527401629864,Second Semester,1392.304427322003
254,21.271489941417663,64277.209403256646,First Semester,1374.8643065105612
255,25.795526313437477,56259.19937655549,Second Semester,1568.9975187845225
256,20.734304663583348,46386.23882986808,Second Semester,1183.0970004538658
257,24.24239848845455,46551.360256072556,Second Semester,1412.7821455800008
258,22.8922623469517,45035.23274182299,Second Semester,1396.270018024244
259,20.659080313481578,45490.58315404081,No Class,847.2253251746514
260,16.401293991328206,56069.66873563475,No Class,772.38716341802
261,19.43664804734244,60547.26533662393,No Class,885.8357681033929
262,19.530388640584576,46205.93428630307,No Class,816.9413306490526
263,21.14146329828458,54349.399189152,No Class,905.9908948942974
264,24.90059603300046,25949.17611560383,Second Semester,1232.5074930884741
265,27.87923692149328,51796.288218154645,No Class,1095.3585487355717
266,25.642743176951306,41776.3605080636,First Semester,1496.6405314426238
267,20.600547107013167,62534.59838793239,Second Semester,1357.4160948856697
268,15.730417813327087,63451.15628015355,First Semester,1400.5760691240537
269,19.83366040778477,27936.79849840842,Second Semester,1206.5896010782856
270,21.267621669219885,60684.333943956735,First Semester,1332.3502921315635
271,23.535039012202308,45059.85186596264,No Class,931.3504296958824
272,23.887583905452814,49278.61927238307,No Class,963.0206135254998
273,23.052928288249394,60434.25868366211,Second Semester,1517.681415839519
274,16.8141769506016,58236.256849741294,Second Semester,1290.2848243610033
275,23.548929136900064,42400.255923901845,No Class,918.4691537265111
276,19.660328350718334,54360.70094825029,Second Semester,1365.6451434860246
277,21.524408100483768,46095.71007223349,First Semester,1397.756267810298
278,21.223653531521204,64144.4810284881,No Class,957.4320110880766
279,22.284500294911517,34499.53785193507,First Semester,1301.6305980934276
280,21.07402494847842,59607.42174686531,Second Semester,1397.5987698092827
281,15.997574707243011,65606.50892606143,First Semester,1372.7601676830886
282,23.209487894320326,23599.98740354931,No Class,814.2845738473563
283,22.158079705049026,57801.33926808535,First Semester,1616.422789121601
284,20.20304512416533,47188.71438824965,First Semester,1149.465548316575
285,21.354433533140043,52157.32838568945,First Semester,1387.8516066711977
286,21.40211593610539,48164.22145062162,No Class,882.8845853362698
287,21.663058405683007,58267.02172280401,No Class,941.2268607845103
288,25.922538497932457,60746.94320745599,Second Semester,1679.3791014681337
289,20.342848863199574,57227.866064066795,First Semester,1278.503603006253
290,21.50419615165397,49883.92592736359,First Semester,1511.2268516421043
291,24.50515161920728,46546.64414687666,First Semester,1429.9650277808746
292,24.16254307013076,49526.7056038025,Second Semester,1543.2850322646693
293,24.435789331141073,48613.44291122607,First Semester,1623.5174723005368
294,19.26759599682133,53153.150351448654,Second Semester,1433.6513149975158
295,27.00744819087849,42341.7473702909,No Class,1021.932182577809
296,21.20010261279055,57138.09612862429,No Class,921.6935590268379
297,26.600555534120588,40517.86400836202,No Class,1000.6059860654277
298,16.947291941907864,35415.0441856639,Second Semester,1306.925481492096
299,21.062950759062712,53706.66357241864,No Class,900.4218406339746
300,24.749743712907648,55360.545042617545,First Semester,1298.5123307613371
301,18.85427343833161,61766.90551558252,No Class,874.4627307278608
302,18.741933095346774,58623.79871316946,Second Semester,1228.0407060607706
303,18.18438388917932,53307.76744953675,No Class,812.0703539230633
304,17.84246016198379,58261.79592385869,Second Semester,1384.7294502677366
305,19.688521400458804,40704.77377860311,Second Semester,1203.1014310875644
306,21.993537518876945,39023.598109454564,First Semester,1299.7366665634859
307,14.95736850623784,38237.376033654335,First Semester,1278.3301600198724
308,21.635941300116876,51469.64963139491,Second Semester,1418.0758995327842
309,24.710025139249712,57945.43893414986,First Semester,1535.5597366965576
310,27.112722054721306,60517.118594997766,No Class,1115.967254616628
311,24.90352797660176,66578.86525702655,Second Semester,1555.4416023816261
312,23.270324291387883,54456.6061695358,First Semester,1310.6032077176728
313,15.819808802657011,49653.989781886135,No Class,722.864212989141
314,19.195479875979654,44056.59209860959,First Semester,1108.0899602696004
315,19.94386063025215,53667.71630629068,First Semester,1344.8777760559806
316,23.110571708270683,50324.26961456692,No Class,944.9384993209551
317,20.682985997988677,47586.142175046974,Second Semester,1393.8941703085054
318,17.224054115819484,43891.2578145331,Second Semester,1104.2834344319522
319,26.053307124282345,40438.418570698705,No Class,983.7913065819639
320,23.73417387538789,40679.05652071812,Second Semester,1234.6424891495658
321,21.71229081747308,66422.7187992981,Second Semester,1611.0332322125932
322,24.654325830977434,53631.48724958192,First Semester,1558.4870462891495
323,16.983677138295082,46484.246555350386,Second Semester,1290.1410340945718
324,22.9824608933694,34418.49366462231,No Class,861.5662951241935
325,19.431262871059733,53025.06923756171,Second Semester,1439.772882097087
326,23.051236565552138,45778.34942060545,No Class,920.4288440695914
327,20.817534136019777,50098.138710907406,First Semester,1430.4910746774622
328,22.898882139094354,48824.938069457276,Second Semester,1325.5408863600117
329,25.006552845178177,59148.58158137629,Second Semester,1670.9549988206822
330,21.021870270950696,50279.3297799452,First Semester,1254.3167516875587
331,24.052675910856276,49130.98512117756,Second Semester,1419.3763708595482
332,17.434697894556063,75914.8040245776,First Semester,1435.9745190829744
333,18.835186678691954,62415.64407456218,Second Semester,1405.2336676486862
334,25.557653134164536,52365.19142866965,No Class,1028.5555511682844
335,22.132163919071786,43322.42103540633,Second Semester,1439.510572820669
336,14.843331538698811,63380.86167730729,No Class,762.2042545475008
337,16.907887643752872,41207.17965997595,Second Semester,1300.931735551385
338,20.397656953232637,50495.326181109675,Second Semester,1283.4391064289284
339,23.597338213003464,59952.15035947025,Second Semester,1378.9382694091728
340,20.694350232854333,46681.22278907775,No Class,854.2366209310187
341,22.872562416061957,47144.29684895867,Second Semester,1305.1250478314528
342,23.877016133363476,55623.2459847323,No Class,994.4267139245658
343,26.013164486588817,52464.44689262395,First Semester,1600.165482764698
344,21.168050199824886,48382.84757390699,First Semester,1330.6803162241847
345,20.844054281457304,48801.572633110656,Second Semester,1410.6207044720759
346,15.740287922573192,53634.44187093279,No Class,740.3808470318597
347,21.29798278226348,55900.65100784618,No Class,918.4427385071353
348,19.28444982631331,64589.74906750696,No Class,901.482240126934
349,18.077971251587726,46598.06106692594,Second Semester,1393.627603956414
350,20.46028130685738,64824.92423847737,Second Semester,1370.7596627105145
351,24.044829518230973,35615.22825314977,Second Semester,1491.890921545832
352,15.021754533934253,44226.59101611885,First Semester,1107.2963395057968
353,19.718162138383715,36794.530580213686,Second Semester,1337.1989055425702
354,21.349911850748118,54249.13639830875,Second Semester,1415.1504973243793
355,18.32037728983514,55419.044497596056,First Semester,1241.6625963842803
356,22.001708827497676,36656.733104853396,Second Semester,1438.119967522211
357,22.234289761847194,51502.57695764627,First Semester,1496.8020175103698
358,20.900891522172024,41404.404120796884,Second Semester,1247.1881410368496
359,13.602305418719919,56185.34997848928,No Class,688.995912454044
360,28.714374437599915,34673.404686174625,No Class,1034.7982565588704
361,20.384102227595402,60079.531816140196,Second Semester,1415.6909063830672
362,22.953579844763013,50533.716710132125,No Class,941.275978893551
363,21.821299473109644,40122.6017157146,First Semester,1607.4917998146843
364,24.07401970445505,50129.31782386507,Second Semester,1397.6809011923865
365,23.452978339122264,48210.49623604004,No Class,944.6418313538682
366,20.370620486314476,47173.15557195856,Second Semester,1330.3131061998454
367,22.13450331662552,35277.834538557894,First Semester,1480.7135791760054
368,18.16377350662832,44855.29336232537,First Semester,1157.8198993318706
369,23.570769032697957,49180.05996036889,Second Semester,1691.0647344338827
370,19.61688498334694,35425.85182353757,Second Semester,1198.905594142323
371,28.250320061364633,54174.79454441881,Second Semester,1566.240354930816
372,16.04685331293544,65417.72205361932,No Class,808.4942096561598
373,19.608038271101954,59211.91560363215,Second Semester,1380.4453505391768
374,23.47613958827773,42615.403945986065,First Semester,1524.8288495557254
375,22.53039764063599,44102.904720079874,Second Semester,1719.980734473816
376,19.231556884455,46110.23132795669,First Semester,1355.8293266916407
377,18.009657773377434,57361.880861562495,First Semester,1389.0607594295907
378,21.43342711413209,50585.04485886041,No Class,895.9280377182648
379,20.95707776049926,41076.906720681574,First Semester,1196.7439989890718
380,15.62915628820782,35124.16158886309,First Semester,1158.6196704742756
381,21.103653201401553,56872.62021127532,First Semester,1181.4944331913314
382,21.57069094707737,40038.38377106379,Second Semester,1321.4853229345665
383,21.524179190945524,56218.62676059678,No Class,926.8185095313497
384,17.834948872191955,51767.244613604606,First Semester,1440.027198632874
385,22.428399834907886,58578.59565690279,Second Semester,1445.9379683625336
386,25.13571041087772,62488.800761021725,Second Semester,1560.7510527887632
387,22.36870920953944,36055.40891027511,Second Semester,1355.2427849739058
388,17.59323458887697,61734.18840421708,Second Semester,1324.0950307240432
389,19.693063590924286,58222.05832866975,First Semester,1391.907157595675
390,22.03831085866082,47771.723658560266,First Semester,1248.88460215139
391,19.058863106045195,50792.6349165111,First Semester,1277.6419245748841
392,14.52706099495417,56128.18304986718,No Class,716.4527450979609
393,23.652752460084628,57935.25850871788,No Class,999.2588663461282
394,18.511567165126447,33002.54506319747,No Class,720.3597402697808
395,19.27931918769515,66317.9983016265,First Semester,1375.8108023382047
396,25.511701827013603,36217.09742467858,Second Semester,1503.4138787364918
397,18.677565211183783,29147.7767476765,First Semester,1226.8035037109912
398,23.537194620567888,61019.51354932828,First Semester,1435.354159138212
399,17.217951363543673,35128.28132824127,Second Semester,1277.0813320383868
400,19.936372790778066,48646.497092657,First Semester,1463.9822112971601
401,20.779331942590566,36861.44659713011,No Class,807.6871912633676
402,17.494045726726934,32156.86475184927,Second Semester,1057.6639284902835
403,19.09575520527327,46357.8030414698,No Class,804.6616713655471
404,20.913475341215058,57794.676257238796,No Class,916.3776415226457
405,23.012087906201792,54316.9434912357,No Class,961.9473546422323
406,16.048360369724673,44254.02492864855,First Semester,1221.1220468004776
407,19.950737282366195,50834.55100575636,No Class,852.6948734997676
408,23.26921931563645,49963.70095127617,First Semester,1372.9925076195245
409,19.383572520067222,50752.99287010481,First Semester,1274.457286829533
410,21.681875765018827,46316.59790047135,First Semester,1424.0256249257532
411,22.476685710193294,54789.9739774086,No Class,948.2504411928419
412,21.80350504599505,39631.62363459006,No Class,852.2632695528018
413,22.959773038414145,54963.932655632925,First Semester,1547.7978339940018
414,20.631874017067858,47436.219102968804,First Semester,1394.153009700547
415,19.75897045922364,47476.21478370352,First Semester,1276.665754654926
416,13.070553143913065,58410.9429831549,Second Semester,1297.142510163349
417,20.721176944561584,46510.495868809594,First Semester,1457.3767508655437
418,22.29085408907996,40653.82235885543,Second Semester,1273.0564769096757
419,22.60619652260445,38368.09741412148,First Semester,1401.343235304892
420,19.334164946060245,58024.84380532922,Second Semester,1254.182690373139
421,26.338508729325447,26500.482537939995,First Semester,1569.3310284765157
422,21.859273258886475,46622.38647758824,First Semester,1415.896087957347
423,21.378947575376657,52905.29207027939,First Semester,1512.6084197313971
424,24.816800338405557,36562.91571440499,First Semester,1466.132968874802
425,18.84460133604222,51073.1110665992,No Class,820.7035954142626
426,19.648984128225862,58037.52019880948,First Semester,1368.8300861709479
427,28.192357440149287,31843.499833245933,Second Semester,1580.0370765862986
428,21.033387561662664,41684.253432008016,Second Semester,1229.0911193341676
429,25.900705264224918,69503.75566183019,Second Semester,1481.2716935961296
430,16.68448006525643,44126.44357453633,Second Semester,1158.0512559968954
431,20.428449593871296,40856.0081707474,First Semester,1343.4953237740235
432,22.135271710910494,41993.95510162304,No Class,874.02792683543
433,21.900115635617393,46439.64630441099,First Semester,1347.8328935400534
434,17.98309122146749,52952.158805658226,First Semester,1257.7416564827695
435,21.057777823876112,43611.49369738818,First Semester,1441.875953607803
436,17.767738040664053,53118.055791259234,No Class,798.6224201762178
437,23.138109975732846,58370.50384639231,Second Semester,1435.776547116097
438,24.254325269581937,54529.90587831121,First Semester,1597.7249746596822
439,14.325036910537762,58873.169863601805,Second Semester,1146.823364861405
440,24.70708038690043,42590.7354805202,No Class,954.1660890096139
441,17.276866509574525,49711.21537282788,Second Semester,1241.2137358837003
442,22.3643078069479,57975.03021076424,First Semester,1378.1730507844036
443,22.979707914427824,51577.05777396528,No Class,947.2765263026611
444,20.4003305156957,53233.29785533457,Second Semester,1335.5564725872603
445,19.064658129420625,51534.03713706092,No Class,829.6099295679232
446,21.49596306372615,52920.62693203043,Second Semester,1293.3123397377958
447,22.316456102143363,50740.93425209585,No Class,923.1983543247801
448,23.649908459846113,39456.39451878539,No Class,906.7792263893103
449,14.842989048294141,52826.992976261026,First Semester,1254.123333563397
450,16.090862195822925,46218.64941533256,No Class,713.8191129513506
451,25.29120702356455,66075.67804891613,First Semester,1707.3460308350427
452,24.13988654133464,45439.303219064794,No Class,951.3931123353632
453,22.305866846723045,52597.58965875454,No Class,932.163953695464
454,23.14553522133318,30280.75609699011,Second Semester,1374.1057065424188
455,23.75152475292301,44081.77301263746,No Class,932.9546076508777
456,13.017231604602957,42301.24718673126,First Semester,1273.2499685378589
457,24.33083128991646,63932.88720220442,No Class,1049.589374708516
458,19.545037210313026,49413.59751518043,Second Semester,1169.4091034103121
459,21.691850491893604,52522.04088389334,First Semester,1338.210511781699
460,20.11452659734927,54153.11757651481,No Class,874.2013858030521
461,23.61589486223623,45423.32946772109,No Class,935.5934932056923
462,19.954582653133166,54157.508987682515,First Semester,1421.8894648015257
463,22.555511297664744,66819.55242545808,First Semester,1574.1010298964911
464,19.827945064083064,57478.42345454641,No Class,882.230469195224
465,17.721638372695484,58501.200611132,First Semester,1356.8548261414485
466,24.630031531320796,42237.51032960508,First Semester,1624.6569967991659
467,23.22270003382282,52879.99916240646,Second Semester,1628.6199534710547
468,26.172786717469357,54080.13758551097,No Class,1055.5842894516356
469,21.19546179773791,44121.43288403849,First Semester,1210.5405822121395
470,24.375008237484522,52232.91575752729,First Semester,1450.67440062538
471,26.926257162057233,71722.04494919353,No Class,1166.3979396076845
472,20.1555536548831,40767.40106440507,Second Semester,1165.100277901256
473,17.031146661734354,56805.95033768202,Second Semester,1191.8867543098033
474,20.28194529858565,39724.878137601205,Second Semester,1331.9083890602956
475,20.35787628004385,54695.96607744463,Second Semester,1419.3568961852532
476,21.45504151352796,40060.839854719925,First Semester,1265.910275185881
477,26.136914931957847,57198.6870927023,Second Semester,1600.2609279090211
478,20.021568322483954,37681.38106261311,No Class,789.0539549875841
479,22.119013967414745,51215.01547942472,Second Semester,1346.861953601945
480,20.316947805313408,65083.82071713057,No Class,934.9275377450551
481,21.061352125575098,48664.022081780866,First Semester,1400.1020610645342
482,21.942172990518788,49882.82526086181,Second Semester,1418.9938415720878
483,24.98464408811096,65743.99827379246,First Semester,1549.85805594265
484,21.363955132472334,72381.11380819563,No Class,1002.8242230151482
485,23.13852696009334,77072.60368342008,No Class,1079.5188272199007
486,23.336580089350605,46866.93409348055,No Class,934.4320731479208
487,23.744319812566903,39921.065798080206,No Class,911.9349233674081
488,19.27681634344685,57837.12059538376,Second Semester,1271.480846982786
489,25.88064364258403,55573.75216469678,No Class,1054.288070101005
490,19.857129782117962,64494.686460849756,First Semester,1371.6548197585344
491,20.682647497050745,52577.24036067882,First Semester,1432.4802471272012
492,25.212150803142514,52688.60327421407,No Class,1019.8075404653457
493,24.88225171843674,66894.46566154814,No Class,1080.939879860843
494,17.730024382766285,52700.90308473714,First Semester,1245.9870625189678
495,18.38078699874761,58163.468832915576,First Semester,1309.6901749662488
496,16.925762821888156,56087.434222485106,No Class,788.2100557690702
497,21.545541577859495,50533.04483588973,Second Semester,1292.0554033193903
498,21.4945226037554,45384.48278608206,First Semester,1328.3466123607932
499,22.092344062065187,47455.747643014634,Second Semester,1397.5633956969073
500,22.656473142655674,30540.466834708415,No Class,832.3965284532123
501,19.19432146204495,64423.77767323899,No Class,897.9485322275434
502,18.018904226703857,34251.33629331552,First Semester,1138.9129237215507
503,24.080355168224713,44797.644925247805,First Semester,1408.1276457401282
504,23.253183907818972,47111.52401983758,No Class,933.1531373337571
505,16.4725003880139,63658.04774522249,Second Semester,1202.3958383320805
506,20.71455764745214,51607.432394605785,Second Semester,1454.3903671206385
507,18.312156531730505,60914.36553845597,First Semester,1574.914041435197
508,14.787746788374108,47910.565580328024,No Class,683.1852315528633
509,21.45036039356443,68549.36870862111,First Semester,1443.7346324580349
510,20.762364872224236,56113.477092747264,No Class,903.4383316304634
511,20.707892197460758,56746.58928236487,No Class,904.969712335647
512,21.648457625403697,60214.075331674874,Second Semester,1497.1907341494452
513,23.647395493189762,35436.56134634605,First Semester,1544.8014162342924
514,21.61679251345016,50889.49786978997,No Class,902.9512647524547
515,19.150692471379415,53251.4546097081,Second Semester,1302.3336309426618
516,18.795602244236157,42949.34289246381,First Semester,1239.6982833808945
517,20.604591620876455,51127.790459633514,First Semester,1438.5042152015094
518,21.930050959736857,43425.926526092095,No Class,875.0311614225662
519,17.880958941893876,53307.34801163596,Second Semester,1207.7309283866962
520,20.44707339347285,32259.303656170225,No Class,774.7087200850366
521,23.901801780503742,53986.300681071734,No Class,986.985556820471
522,20.675159726296542,44319.12831794959,Second Semester,1324.5367830696805
523,18.904737997216827,60863.06892282504,Second Semester,1316.140977004517
524,20.17216449472338,30282.33976939103,First Semester,1159.7929313069899
525,24.34394563608594,51446.38974771145,First Semester,1529.6199136898413
526,22.65013188364241,48680.44875414416,No Class,922.9062002799931
527,24.710027400244815,60875.49793784819,Second Semester,1531.7969223790403
528,21.417293571485313,34409.883357465456,No Class,814.5682239318867
529,22.230825289471277,45238.32434181784,Second Semester,1610.0689596345378
530,19.3246292629556,58474.54593229975,First Semester,1087.8098180467591
531,22.816112006791,57435.17303728424,First Semester,1536.187418340426
532,19.480999373432283,54741.50812978867,Second Semester,1276.005351143852
533,16.738303485912766,54029.98822632323,No Class,772.2990457089992
534,21.383978897052376,33480.31200271002,Second Semester,1280.298009967313
535,26.837553653194306,59936.15307037465,First Semester,1495.927276560103
536,23.402743018719185,53265.64866622587,No Class,968.4105338927048
537,24.495760169838782,31945.575604382797,First Semester,1452.4407320026053
538,22.076567169279457,49178.76103340286,First Semester,1543.7325971735834
539,19.174328465051328,61014.56149335597,No Class,880.3026614183198
540,20.393277434669148,58389.769637017074,No Class,903.7471712251598
541,20.180255679564226,44371.50802077294,No Class,827.2652104907916
542,19.593900660653738,60529.71356620347,Second Semester,1439.3768077109562
543,23.112501851789148,46831.88507979672,First Semester,1336.3488285169933
544,17.407909492903766,55010.569137261446,Second Semester,1458.7378773576713
545,23.59909839633832,60749.59336199785,First Semester,1495.348252141587
546,23.59245745867768,55101.04893206578,No Class,983.2789684206592
547,17.404132922793757,44146.6232381548,Second Semester,1260.7309740527685
548,22.918475993701602,59609.81485155296,No Class,985.6033540688129
549,28.290679957033525,66513.01590072483,First Semester,1676.3616153317162
550,19.328353554175173,41243.43744517736,Second Semester,1264.4877214931012
551,23.534712724224214,49086.95950154716,No Class,951.4761792344622
552,18.65339446314179,61538.41395258118,First Semester,1375.3916119612227
553,24.332134254608402,42054.085174648586,No Class,940.2344535114951
554,21.749474159779687,32946.55406888662,No Class,817.2169951378237
555,25.955746174869493,45805.66012929991,First Semester,1404.6454122341988
556,16.62308781438925,62198.142663312465,Second Semester,1425.0044779805248
557,20.846106341623916,36700.59985619367,Second Semester,1373.5190780235425
558,19.419224471623206,48392.809778692026,No Class,824.5407830421564
559,20.4082053927711,61100.26582056061,No Class,917.7474908859361
560,19.111263771941985,51492.738269854206,No Class,830.8016045075306
561,18.498469258394998,56952.65007051766,Second Semester,1347.6001836422724
562,22.73616712384935,68051.7916805147,First Semester,1616.8845451032994
563,17.73725785776922,60458.09772027911,No Class,834.4082243344722
564,25.45209279466885,57207.50184046252,Second Semester,1427.3854139701161
565,17.44138024405875,56155.35728593015,Second Semester,1412.531090111956
566,21.30323745418584,38836.62566181576,First Semester,1354.4804392874182
567,22.59896786047944,59811.567381118766,First Semester,1527.3489754111308
568,22.760206017277877,56692.11952965623,Second Semester,1420.69557875882
569,20.094760008400858,55238.01770985938,No Class,879.0328888013227
570,21.238505985985203,51600.60360963699,First Semester,1316.9288389736234
571,23.88379245542903,37653.99722743791,Second Semester,1350.1634547630144
572,16.63060224877072,52612.734395755644,No Class,761.9817394418999
573,18.654780865403755,64177.038999785305,No Class,880.5286209610391
574,21.96120694294983,44577.01392159634,Second Semester,1485.3465825239982
575,19.665654064989024,32091.0829014941,Second Semester,1359.5027019604038
576,25.110011981913,70299.2926369523,First Semester,1760.2840624528262
577,23.01976159006451,45075.08166374411,No Class,915.9682560206559
578,21.216500257244267,62973.744306850014,No Class,951.3637292515781
579,16.476728047389962,57552.56143996455,First Semester,1275.8649280719828
580,21.078300675978724,68406.22905257833,First Semester,1398.7745212669065
581,20.05075239540902,50558.04886225326,Second Semester,1501.559433548798
582,20.692960459438208,47845.332454183634,Second Semester,1204.8209865442102
583,17.455322318832945,69188.70878109285,First Semester,1353.7146756415366
584,22.495974131489774,73643.5631456945,Second Semester,1603.4227416520666
585,17.883130679078903,54344.448243688166,First Semester,1191.9876876828525
586,20.32133405567277,52783.39397799612,No Class,873.5569915601639
587,22.144277488354057,58794.66973205609,First Semester,1302.2920949318147
588,18.649452632960855,43938.36475069992,First Semester,1328.0939613036662
589,22.748974217040193,56227.174600068116,No Class,963.6050995115463
590,17.05046879504492,40609.073977522494,Second Semester,1376.664484486639
591,12.570675963118376,47876.46404867089,Second Semester,1045.02894629305
592,22.394903972357557,59346.27710523255,First Semester,1399.9097609802238
593,23.521619480882997,42988.98919315869,No Class,920.5935303922834
594,20.14246372922585,59934.036548130134,Second Semester,1309.7837180056167
595,22.512378763774826,56272.88012670398,First Semester,1605.2083634471574
596,17.532250424748984,66054.29662291863,Second Semester,1285.4454764199975
597,20.618554179523013,73739.4613882247,Second Semester,1403.5095516841823
598,15.175444871878145,44958.55454550932,No Class,680.056118883891
599,24.543542674315567,55101.70774233543,Second Semester,1431.4118200041978
600,26.579732584629483,67365.96970150674,First Semester,1575.4314270795103
601,24.22203678084597,53089.9769911288,No Class,992.1109883810229
602,20.917959100758775,44134.96348614337,Second Semester,1288.4417962585271
603,20.90000897317224,40525.50654313997,First Semester,1390.2725493668822
604,16.4517971305467,65704.66518369762,Second Semester,1352.2500511069702
605,23.371156031664682,78294.6629096824,No Class,1092.6079954983525
606,20.367797457924674,40003.34702838542,Second Semester,1358.52548428216
607,19.029771223916775,52160.64169223205,No Class,831.6963451786635
608,16.763922622025074,34535.27397104933,No Class,675.5940485159989
609,20.100712510061182,51731.5476662986,Second Semester,1298.6590846450345
610,18.452816594949876,47774.611420100635,Second Semester,1364.9089859561564
611,19.80890843901649,50873.44049433592,No Class,848.6344556421743
612,17.347200036709207,81395.97110344906,Second Semester,1123.0823723607623
613,26.062768448837094,36313.854976173476,Second Semester,1576.2225454826987
614,20.951992418376093,55537.19071791776,Second Semester,1426.2303644752092
615,24.224835231817156,70242.90602546922,Second Semester,1537.449368453023
616,13.194900989227044,44584.263294133416,First Semester,1166.3210960720396
617,19.640406510015488,42396.90151181803,No Class,801.1967028595548
618,18.973553125223788,51507.24933468101,Second Semester,1204.4306320364662
619,17.33122146190226,64655.78938454251,No Class,843.2155907797803
620,25.639827462672287,47397.189175747575,Second Semester,1442.9094143000789
621,16.75415424069153,40229.19165682738,Second Semester,1214.6877472728554
622,21.955170781224076,51740.75968882183,No Class,917.3589218808315
623,23.539308856739076,29812.89768483725,Second Semester,1198.988095712749
624,21.534570565254068,35507.72122963544,No Class,823.5757231057993
625,18.374233567513453,62407.859379955116,No Class,863.2663039251793
626,23.8234974201725,55817.56353164501,Second Semester,1489.7681969819155
627,21.511764245522514,28173.037485378285,Second Semester,1282.585121820694
628,17.80950628085387,57484.970700840786,No Class,821.71004192982
629,16.835852857193814,26799.648799286366,Second Semester,1111.1812715630554
630,27.26015230347944,46306.82852562636,First Semester,1420.025766794576
631,18.96449056374469,54144.652108066555,No Class,839.6579774526735
632,15.433285038245879,36001.01683939194,No Class,643.0036353443361
633,22.599778088260955,64308.72358234552,Second Semester,1616.2170411740826
634,21.930690768182686,63752.31079442576,No Class,976.6822770176094
635,16.938496992832206,43914.01272405092,First Semester,1079.1875686939547
636,15.171130759254149,62770.73005376572,Second Semester,1121.275532014472
637,20.65109244852418,53063.77265388021,First Semester,1326.5876010984375
638,24.418188875128266,57826.18848100628,First Semester,1676.6069877501054
639,22.908372105546444,58045.54397297093,First Semester,1488.167176107745
640,19.521187727514068,37516.343466111604,No Class,773.2173491559801
641,18.497435305246867,29725.849380709933,No Class,703.5523060609556
642,21.813200270251635,74155.92367589366,Second Semester,1551.1322993622953
643,21.472060041648472,53429.59426406725,Second Semester,1389.7109023810608
644,22.889135240078183,54944.24373194047,First Semester,1488.4800170271567
645,19.81260614913331,38473.83055786994,No Class,786.747337263349
646,23.6980621596093,62891.77333900587,First Semester,1588.7196562236977
647,18.507565417991255,70314.5063469923,No Class,906.7994942746991
648,20.00836589964011,67042.63609775822,Second Semester,1506.2110906294579
649,23.222443571177713,29751.91626104353,Second Semester,1482.5010352797503
650,23.96991482588134,40074.66601435043,First Semester,1341.6651614404295
651,15.184485895639861,52026.81181880046,No Class,715.6686359631981
652,21.32157122104846,58316.828393549775,Second Semester,1415.419924109462
653,22.82633703520389,45289.17057559395,No Class,911.2359639340864
654,16.647527059528105,41985.232329587765,First Semester,1250.7058397545434
655,22.441876799625653,53412.75233152635,First Semester,1522.8276381792589
656,18.51547718880961,41102.24690812096,No Class,760.9755502048931
657,24.060759036493288,72456.7951720957,No Class,1084.1067469552772
658,22.615446096307924,31832.298301051705,First Semester,1304.3226495168296
659,23.307156884986828,56342.31817770119,First Semester,1546.0036939791507
660,21.362157987861103,30038.56432933327,No Class,791.0575612824994
661,23.59094530247326,45809.60936952689,Second Semester,1381.9311376280857
662,25.141543584943612,66585.54148365499,First Semester,1553.0263696997367
663,26.8987440463669,62778.5700303751,Second Semester,1722.069548168032
664,20.914814835752804,36301.46319495083,First Semester,1120.6763108620855
665,14.252846729002785,35500.97061890726,No Class,605.0902549646198
666,21.094578013781977,51610.111317278126,Second Semester,1413.0425710721715
667,21.616683625349925,40993.745293164226,Second Semester,1446.0632343885334
668,20.533963958566805,55260.586205700885,No Class,892.3218497855086
669,22.704865862331225,40668.64591910043,Second Semester,1350.0115072931771
670,24.032033893542796,34093.708332316135,Second Semester,1453.9151314408266
671,19.446052709496534,46483.22793708333,First Semester,1245.148091596216
672,20.117714018531668,38145.788355634475,Second Semester,1311.3811037704609
673,22.193526626401017,62409.74065688208,Second Semester,1478.8323777680105
674,19.349328775532584,47484.541405998,No Class,817.9025702959675
675,21.273802150464707,50602.67260904947,Second Semester,1388.3682557425766
676,15.114877203344093,65496.20896387094,First Semester,1153.3486345051201
677,17.64030083580713,70507.12304537764,No Class,881.744640301102
678,17.016733573187626,50444.02271296854,Second Semester,1246.4633166534031
679,18.439128909818276,54500.03010818981,No Class,825.6740178354974
680,18.920086416208,64745.52566138227,No Class,891.3302207931514
681,22.146915427639108,49168.14642911017,Second Semester,1328.8529281729834
682,23.94633900756792,40041.928416374336,First Semester,1382.6390841645734
683,18.817849412737395,61439.10384469624,No Class,871.7310016056031
684,18.009483052865985,34991.33733388676,No Class,715.2411782554134
685,17.87493342303147,48424.842143926944,First Semester,1380.7966129373613
686,19.756233820908978,46777.37168285363,No Class,826.5738730415376
687,20.28291279554231,45511.18446813919,First Semester,1279.3840480012752
688,22.450852601514807,22087.108081434795,Second Semester,1280.6882023455828
689,20.03602547349483,44837.54745682306,No Class,825.2685014889603
690,14.764532193419932,64296.285772622534,First Semester,1274.7197568488225
691,20.725697173349584,46076.85812215054,No Class,852.1552058112402
692,24.561560431954668,44500.04655531664,Second Semester,1440.4004422939818
693,24.574803805530976,44005.53543124606,No Class,957.2717913221596
694,18.63311034566631,41815.237416140786,First Semester,1348.6785465063906
695,16.35667036908729,52533.227890330505,Second Semester,1249.1214681403246
696,28.374181475595822,57224.19743492008,No Class,1137.346431442475
697,20.512734172561743,66211.41037611943,Second Semester,1461.928899623801
698,20.707646249683147,34556.0414706704,Second Semester,1204.9814747955572
699,22.26172256609444,55151.20997217849,No Class,943.6077268437257
700,16.15788163014264,49391.04342038622,First Semester,1193.465758384914
701,18.815342666426137,53995.50319500935,No Class,834.4377959678309
702,16.37867278412997,40166.968681524,No Class,692.1950269315191
703,18.920716157968215,51477.8698849202,Second Semester,1260.3103909611643
704,21.35654829901368,38887.05523505383,Second Semester,1382.5595543482323
705,16.905871626039264,57926.88440207255,No Class,796.8105707915406
706,22.769948038101937,41065.006924324625,Second Semester,1503.576368093914
707,21.868032086452008,51667.24642496304,Second Semester,1368.3140453487488
708,18.287354923138082,28664.056892243832,First Semester,970.4146936707906
709,21.67897482714319,54433.15204147731,First Semester,1337.983727770269
710,23.24424348748153,62631.09042586671,First Semester,1417.055167286406
711,24.183285759785225,59044.710206136406,No Class,1020.7221238242387
712,20.361455164060416,62063.566314268675,Second Semester,1539.2369652189223
713,20.719089618266864,36762.60061615435,No Class,805.3856916287776
714,20.739857595054225,49222.33544097944,First Semester,1382.6067734522894
715,25.324385268165134,50268.13962580665,Second Semester,1667.5460021138022
716,24.37521567683398,58562.05431129928,No Class,1024.0667418615158
717,23.503204703271116,49238.290296345134,Second Semester,1491.3780053343971
718,20.13797760047792,48865.57138184089,No Class,848.467184923542
719,22.11972430249922,68620.34662618047,Second Semester,1351.9377401346533
720,22.209870993662086,62454.81884430035,Second Semester,1528.0612858572076
721,17.874980117132033,32557.331388446288,First Semester,1124.2506709711265
722,15.815086454037772,46961.586673553604,No Class,709.2605269889011
723,22.92549008295485,40582.33903232275,First Semester,1390.736733589295
724,16.412068406458737,82201.6428494852,Second Semester,1393.2049293287114
725,21.00505106545263,45809.4874208638,Second Semester,1344.7931548049323
726,21.750743464044994,63054.4177261111,First Semester,1434.65748687852
727,22.69160217091765,52010.84811498184,No Class,940.8023057024388
728,21.568278712544434,52142.71720652038,Second Semester,1599.882762870256
729,18.801438581108624,56199.98796489609,First Semester,1496.0285830554192
730,23.959097579686386,49502.24327447502,No Class,966.2841437629667
731,26.215901300718738,59745.838458625345,No Class,1085.206231314689
732,23.64353642677633,56878.149621579694,First Semester,1404.7684011040733
733,15.169047296028072,33306.49257007115,Second Semester,1141.4719024359574
734,25.19872855620883,45166.070717867646,No Class,981.7922102756031
735,20.831832161441195,45504.79220523875,First Semester,1467.6153938648204
736,22.57474283795787,45685.90457349551,First Semester,1515.9243650732824
737,22.86609970761318,62185.49129480838,Second Semester,1407.372143096109
738,20.709941780379886,66613.78386093058,Second Semester,1595.3472626007992
739,20.774210407053822,41321.09003248581,First Semester,1259.3721826704557
740,24.057471207992698,56685.07238987714,Second Semester,1517.8137515160042
741,23.134805767458733,38717.43677668676,Second Semester,1404.5069372865391
742,23.970786738132695,45150.656044779986,Second Semester,1252.8777699125005
743,28.14878008569098,54133.88820809532,First Semester,1601.8021015878353
744,22.993247591082262,49016.31071429759,No Class,934.8789813039559
745,21.62214347215592,43855.27286721098,No Class,867.9406685007325
746,14.368100668273138,37796.79031176366,No Class,620.0269716070125
747,29.075142009738347,47726.451364788394,Second Semester,1400.8478598140987
748,19.551969534611075,51551.229480576236,Second Semester,1147.6813830230358
749,28.124204145286182,56903.4550308825,Second Semester,1660.2949427547198
750,22.123930704014963,41803.92335469343,First Semester,1406.861879957315
751,25.61529059669038,57160.93760930447,No Class,1054.2634059472337
752,20.670869036471284,38779.684505848476,Second Semester,1411.4579636933165
753,22.534412264094378,45265.82376816126,First Semester,1440.3161065855766
754,21.641873938926786,55728.9602836201,No Class,927.9010195859041
755,20.441637901879513,43728.58752105573,Second Semester,1264.5151451002503
756,20.638818526132518,42814.240855864016,Second Semester,1253.16305265292
757,24.038503007532764,50503.00707083408,First Semester,1554.1255762593746
758,20.395625559085502,51372.06293871369,No Class,868.7290814661335
759,14.8869525166776,60812.06056674429,Second Semester,1395.7724432098212
760,20.412332253510517,48549.44678731499,No Class,855.1172015418905
761,22.619371816608822,33141.72512850263,First Semester,1424.1691512432426
762,22.84936714905432,44113.699962457315,Second Semester,1427.741993221884
763,22.8497034524323,44380.06008235039,Second Semester,1400.4916843564802
764,15.923695437392755,41210.56031230824,First Semester,1346.6053608940736
765,22.106226174033583,54379.98887320528,Second Semester,1185.9180314448026
766,23.90357762984119,77268.53350862763,No Class,1103.449996438374
767,24.82973604440297,59338.75844991088,First Semester,1640.8767836785244
768,20.325116186867653,49374.184623084075,No Class,856.62440872145
769,20.034322241451598,56288.50543283671,Second Semester,1365.7026662124308
770,25.463513495634118,66149.06652805262,No Class,1094.6507375092865
771,15.99621586266204,47752.694639712834,Second Semester,1105.9398311141063
772,19.689510069260624,57977.04494052205,First Semester,1464.2367308205037
773,22.372386238072362,56899.940722823325,First Semester,1357.6434261079426
774,16.14667870385632,49712.33432915195,No Class,732.9620327614493
775,21.83888358729527,51593.73306969126,Second Semester,1447.5357717902928
776,26.633592063156577,57844.855531630616,Second Semester,1606.7854956706078
777,20.98781803969098,50724.49424853656,First Semester,1397.3769737329396
778,20.16463792510924,47435.155540705644,First Semester,1156.9051751788636
779,22.42473514210216,44763.10520914893,Second Semester,1412.7995821186782
780,20.16278348763808,54055.10179838736,Second Semester,1325.841117337955
781,23.440201122237195,50422.26902407741,Second Semester,1384.93887213376
782,23.713306393349086,47096.748089469176,First Semester,1328.5208616129648
783,21.008074983690364,52854.17893142308,Second Semester,1280.643325964436
784,17.46992352675082,42882.797319105244,First Semester,1153.951345544964
785,17.045337817622737,42574.59411233481,No Class,724.2331050903562
786,19.22100790303405,65422.4443929629,No Class,903.742459055836
787,23.392141501649505,41745.76134185322,No Class,910.4930517587512
788,15.125384476029225,54315.77463553747,No Class,725.3404074585641
789,15.341024523802362,40831.940924298324,First Semester,1289.0894811430662
790,19.038660525719692,48578.598711798004,First Semester,1383.5693105195587
791,22.183184543941753,55098.80396240158,No Class,940.9895561302606
792,18.259301855505022,40399.8637661243,No Class,749.7783744957721
793,23.66024711128818,57247.906046833465,No Class,996.0469435728127
794,22.000109910465547,53298.60990004331,No Class,926.496346814183
795,20.48808114528417,47675.63394823166,No Class,853.0206040996834
796,23.45648440959534,53577.398695226475,Second Semester,1499.0647737947966
797,22.165095488458103,51787.97077026395,No Class,923.8927185050628
798,19.662194918363532,42183.67464542479,Second Semester,1472.432748043012
799,21.69334480325448,36330.8288378187,Second Semester,1493.66260802324
800,22.942540073932776,52114.383572211664,No Class,948.8481200790416
801,22.06885003458614,40450.42771402998,Second Semester,1454.6137164178172
802,19.025969376151565,50630.19011167045,First Semester,1205.585833218718
803,23.565606615192575,33695.200262420796,First Semester,1518.752202158818
804,24.458808676675847,41245.158856180846,First Semester,1419.777391032742
805,21.82882366963001,53857.16354903293,First Semester,1399.8833980423146
806,21.43231398738656,61975.88934319851,First Semester,1476.6028782971557
807,20.773124757660486,52777.42476676008,First Semester,1393.3746381178453
808,27.484247538908363,40558.43268290802,No Class,1027.319589581791
809,21.828946596407377,46638.957317598215,Second Semester,1338.675179124723
810,20.525117913900168,62483.17933000685,First Semester,1496.6563815711952
811,13.476246593408238,56446.18470446301,First Semester,1138.3140722814712
812,16.304154704908402,59263.92355938844,No Class,785.4442589441942
813,20.766980398168304,61465.36001479346,First Semester,1373.8566952838491
814,21.618882134529294,54963.413760821524,No Class,923.3835328399864
815,21.830617376584843,62648.48997518244,Second Semester,1442.7316304229848
816,23.464520341345853,40781.25346477648,First Semester,1331.8735904385674
817,20.41754277203863,54146.27518596047,Second Semester,1398.6258597269957
818,24.643766383447687,47435.435626072125,Second Semester,1466.7648197923984
819,18.235451871391266,53118.25839846076,First Semester,1283.0647904969185
820,17.3746718386708,64916.67869471793,Second Semester,1392.2026867900072
821,17.313041467338557,56289.83156123971,Second Semester,1118.3573079880407
822,23.226891072559553,44388.81471518248,No Class,918.750805752699
823,20.75124017298232,47323.38181436893,Second Semester,1384.39830545425
824,23.369453765461497,41010.94441851449,First Semester,1496.2631605044958
825,20.196880735328747,50056.950361885596,First Semester,1444.2352428549164
826,19.224323693361562,45754.23257017341,No Class,805.500873651714
827,19.894942274620483,59311.51329711529,No Class,893.405834724191
828,15.442149527274813,45826.36015491645,First Semester,1415.5732964758113
829,17.491154218757657,58458.30446562545,First Semester,1253.0426658539768
830,16.673896060924648,58567.66640560769,No Class,793.0552138557779
831,24.162966815926044,46429.03273132113,Second Semester,1359.0238026852712
832,19.208009725911598,65978.16330251141,First Semester,1438.740905888858
833,23.36837955837054,51282.70520594298,Second Semester,1288.9386732774965
834,25.549471805075875,44145.40656851655,No Class,987.211186994859
835,20.424675572670175,51781.19318751448,Second Semester,1492.7153903162384
836,21.851636719057055,40594.89355604419,No Class,858.5235693519326
837,15.746797441811765,57835.4294354798,No Class,761.5810704317519
838,18.543990667440593,41600.73612484479,Second Semester,1159.612041584699
839,21.168644548148517,64576.42581759942,Second Semester,1501.7961431025392
840,21.897260710008457,29220.830850189934,No Class,803.0219755512034
841,18.721805648103356,39319.16871591696,Second Semester,1224.4694941814334
842,29.054576997680396,47447.368129169954,Second Semester,1370.926512001883
843,19.624829582722832,43642.6760403075,Second Semester,1332.8927569235289
844,21.192730669890114,65142.92429890786,First Semester,1351.1960733134754
845,22.949375601460552,50365.52729477695,First Semester,1532.5390104284968
846,20.921944095678015,54725.44636406031,No Class,901.2855546906421
847,19.069297838918658,58427.38035197713,No Class,864.2158369274455
848,24.135916991889914,52605.21848924918,Second Semester,1241.9545012385408
849,25.8466359696216,61090.60539517565,First Semester,1567.7517241420326
850,20.910918086850494,55617.02038215738,Second Semester,1300.072943479628
851,22.686802036209198,58331.24494398788,No Class,972.2602858062153
852,20.70776250449211,35396.921624273826,First Semester,1410.9340733875538
853,24.049365653106484,39173.62179225571,First Semester,1344.5656146316
854,17.53149781722044,27622.721397140667,Second Semester,1257.5926004231344
855,27.962580671983424,48340.6349306888,First Semester,1533.7513844293717
856,19.18940625663499,66033.44321008003,No Class,905.8494037494498
857,16.623451756685725,40726.770261731755,Second Semester,1215.3195108860475
858,19.94724651842079,54308.16383360737,Second Semester,1516.1934988401024
859,21.440125452435005,55630.03972396323,Second Semester,1353.1370246285592
860,25.870863623040687,53504.52719255004,First Semester,1725.510383328044
861,23.73362903031396,48015.662548356406,Second Semester,1550.7030204759299
862,21.42737529613736,44509.487552452745,Second Semester,1493.8288288230692
863,16.83154942803552,44313.936413651936,Second Semester,1001.8761079692977
864,18.401886765983658,51183.25909517638,Second Semester,1291.121235296566
865,20.510145203312117,64646.20331642207,Second Semester,1291.8737099299012
866,28.65907834038178,42668.17140598879,Second Semester,1649.0407108403176
867,15.419317277344756,49713.38893531299,Second Semester,1333.424165919903
868,24.393163955538064,52042.31564430821,First Semester,1430.2529579735228
869,19.418297228298236,59309.841646121116,First Semester,1327.9207308572009
870,25.997972699962254,48571.05477124434,Second Semester,1360.6364355566457
871,17.582398080079784,57696.03172796591,First Semester,1395.0458645756826
872,21.430869703988243,35284.30551521506,Second Semester,1465.4998142175757
873,17.701347174891747,58543.19638215261,No Class,823.7563971575155
874,23.710549279085026,52011.89558158698,First Semester,1301.3827347091428
875,25.451338466214256,39495.724619550594,No Class,961.0187770841806
876,26.852163019203456,26531.23431862145,Second Semester,1256.9695876446401
877,23.392801972768556,47163.965333221335,Second Semester,1552.017995591304
878,26.529798763733464,58023.037687324286,Second Semester,1720.8633370722694
879,24.73927172598494,54350.080607142314,First Semester,1551.0842003225853
880,20.604375264527956,47176.25290725322,Second Semester,1378.2374257023214
881,22.4311117148541,51525.68624143969,Second Semester,1368.435927843006
882,18.0840173655722,52637.901319950375,Second Semester,1339.6138346222983
883,20.44439349179702,43099.68947495335,First Semester,1283.61623952551
884,24.662891125046464,51572.828328779375,Second Semester,1702.0741966478797
885,22.62385243044705,52178.819743165666,First Semester,1394.6759031216661
886,22.37207199487599,43410.26966529348,No Class,888.2135081727472
887,17.885606880938383,53081.05342005262,Second Semester,988.2350207288769
888,19.18646030899765,54260.88329529583,Second Semester,1396.8944466540172
889,18.706181958739293,56526.39781791037,No Class,843.8174478517307
890,22.185887610040496,58465.98848120655,No Class,957.9065707072477
891,18.028477108600324,55308.261439223425,Second Semester,1191.681461485909
892,22.686124170297155,54164.688735516116,Second Semester,1533.6833116024895
893,17.650750764199373,49997.98398714623,Second Semester,1124.9028347264714
894,26.48559137440609,55711.98320486987,Second Semester,1547.2495813577048
895,22.381774048434313,37672.92705783207,Second Semester,1398.858594454598
896,18.896989163240193,57869.83702693547,Second Semester,1336.5318397239023
897,21.72313779750367,45383.45156638043,Second Semester,1183.9164438098207
898,19.94264040231613,75544.05263816816,First Semester,1333.2356579186196
899,22.11344387927897,44738.4503812887,First Semester,1302.053764059053
900,21.7305981562809,20679.886794986767,First Semester,1417.764287961147
901,17.957657482015577,65406.895659149755,First Semester,1353.1003866163505
902,18.62605836354159,44714.149992372135,Second Semester,1409.912703615913
903,21.89878105421869,57225.98463752582,Second Semester,1461.0429724857718
904,25.917155726254684,53370.291732934544,First Semester,1494.9487425149514
905,24.253851026012768,62511.2766524505,First Semester,1652.9312606595427
906,19.126297579145717,41515.70674880507,Second Semester,1166.672506259958
907,23.477768704942484,38514.85329189677,Second Semester,1545.0091873163592
908,20.854294941731133,62182.17450187825,Second Semester,1528.1588420071653
909,21.903940955155214,40935.04159118762,No Class,861.7934366105944
910,21.781084472209674,34896.21176233197,First Semester,1361.426694688425
911,28.726349291170173,59168.6796976035,Second Semester,1715.1014100705656
912,17.44413356823833,50314.78810630112,Second Semester,1295.2599137673187
913,21.30275957703857,74921.14435608359,Second Semester,1468.9843898894164
914,15.660068136097152,54607.90103766413,Second Semester,1208.4889565156932
915,22.769507768876274,47292.52622620638,Second Semester,1359.1642845502392
916,24.289825415164216,44414.562226104084,No Class,950.7675735854469
917,25.33698672330346,68688.391069688485,First Semester,1727.4188088947685
918,15.224564244488636,38243.25721556938,Second Semester,1207.9024187431378
919,22.23830849158209,57478.10147576456,First Semester,1443.666386366659
920,25.780109854150954,56897.64016008653,No Class,1057.8914964249611
921,19.75795241087309,44985.53771778444,First Semester,1203.7805644398259
922,20.36354840375415,67125.03773815553,Second Semester,1478.5171746592373
923,20.890388333385776,43149.61762308137,First Semester,1241.8049247140605
924,22.095056254299106,50795.545492511636,No Class,916.8294150915314
925,22.995479627237906,55070.09824112282,Second Semester,1380.0536757397535
926,24.953462651134444,75392.82272138627,No Class,1125.5679931409647
927,20.71353722866502,57459.09850230495,No Class,908.7016093714753
928,21.588834136417407,69181.2543058869,First Semester,1697.4499000918954
929,28.463993631664387,43350.092456377155,No Class,1070.6702712318174
930,22.293296784344975,32672.876778772996,No Class,832.1632874242142
931,21.5662593279895,60338.24624441727,Second Semester,1309.0807887033338
932,16.973270624149656,33901.075503295724,Second Semester,1090.4039965007191
933,21.00856814286668,36906.79117910704,Second Semester,1256.7103871915128
934,20.336021540499356,57413.087123502446,First Semester,1337.5705131559791
935,20.96686251057188,50414.34541997926,No Class,881.0776024170526
936,19.2737470761865,59893.70245742643,First Semester,1265.128386373443
937,18.939553042671896,66048.33478331138,Second Semester,1379.6557163173786
938,18.837679104539635,60583.82126793631,Second Semester,1264.2452751607611
939,20.356486453800677,55014.46480162243,First Semester,1520.0129722794961
940,25.104397944085882,56796.19544310066,No Class,1037.1129155380797
941,24.147259879677982,52520.67984430024,Second Semester,1499.37248814048
942,19.920074646170832,68938.11900011534,No Class,942.2928343857016
943,15.942250636383779,51550.08851574697,Second Semester,1321.8327406856117
944,18.466249714392138,59475.01023532426,No Class,851.3625426083854
945,19.626718400278477,41128.77905797861,No Class,794.4454472982474
946,21.31091401268491,51412.043486896284,Second Semester,1255.8448454757563
947,19.012178172897556,30024.913054067067,Second Semester,1219.0442007171841
948,27.02004207249567,52456.66081767199,No Class,1072.88456626323
949,20.183197396744948,35373.093955533026,Second Semester,1336.9189597665263
950,17.35816658928147,49604.81896350276,No Class,768.7690924959579
951,20.57621472815246,48478.77282002169,First Semester,1369.491514846449
952,17.983867255219756,61206.202414713385,No Class,845.5470297301597
953,21.46846712182598,44256.569765710185,Second Semester,1367.096525401253
954,21.700900842269608,44026.12634695131,First Semester,1267.729644995869
955,22.066762834885154,30283.35603633773,No Class,813.4196652282433
956,16.134425222627357,57514.007857878045,First Semester,1208.7310830052609
957,21.662133872911948,62431.0519916318,No Class,962.0192761455174
958,21.931350241624937,48626.188991049836,Second Semester,1360.581311477018
959,16.73667465748654,66542.49836489011,Second Semester,1254.5756099230668
960,23.866096919191232,46697.56141786329,First Semester,1525.851430280669
961,23.352512637283013,40475.61855916822,No Class,902.9534719143315
962,27.898858083463338,53406.02669237434,First Semester,1779.9571695527752
963,21.470108962127185,58205.98766469218,First Semester,1566.651215361871
964,21.140200582554,35318.03608725648,First Semester,1353.0802207902368
965,21.28975750224731,33825.84928233169,First Semester,1295.991202453593
966,21.2092986927009,51487.40874945579,No Class,893.716004528306
967,15.454581673987,56044.57051485743,Second Semester,1301.4608756247108
968,15.986618824073268,26382.893069259102,No Class,611.5130300684935
969,20.76738309962639,33085.03125480395,First Semester,1209.585228523742
970,19.256797858300505,54231.58436595775,No Class,848.8618575788039
971,21.164209575172276,60331.71180077553,Second Semester,1463.076557508583
972,14.666374880218406,47000.176310980016,Second Semester,1191.638747763562
973,16.503905236419726,63604.43489115487,Second Semester,1078.6370101131106
974,17.69554968318377,44555.24261490362,First Semester,1443.3064055307157
975,23.958174663180742,49249.69396761528,No Class,964.9937097334987
976,17.70452997872965,65172.29878203094,No Class,856.9973932720443
977,18.601458139270406,50143.64769295043,No Class,808.7619826428644
978,21.239621456022157,51271.667571893624,Second Semester,1260.3908380562689
979,20.031760914524675,41551.3575758215,Second Semester,1046.1218513589506
980,21.439251536003887,51703.61134609653,Second Semester,1401.661355595884
981,27.915185946137075,44235.21136065835,No Class,1058.631635187404
982,17.62618898622529,32105.885072105975,First Semester,1200.0563244160521
983,20.083591080270587,40809.835343588304,No Class,806.556909126059
984,19.4497216507688,48494.1845488135,First Semester,1325.1620291440993
985,25.537186280497362,52718.13333275999,No Class,1029.706255078721
986,18.691545231329165,62214.37691161645,First Semester,1385.87470288277
987,20.753739288672843,51404.60938163137,Second Semester,1261.1424917702084
988,23.361400842968123,49662.229394543654,No Class,949.1531722617619
989,17.8242283921548,62614.40059177722,No Class,847.7988547235302
990,25.96552744722603,76358.09212711512,No Class,1160.7562840523565
991,23.027287246422738,50102.90362887236,No Class,941.3331355370439
992,17.777380171408936,63368.84870064465,No Class,850.1656486454913
993,22.363733427173216,56104.920081238604,First Semester,1510.6863136370744
994,20.360078570300796,50201.51722707676,Second Semester,1499.8787013787141
995,21.939686315983003,30830.706975514786,Second Semester,1228.471266002005
996,20.73007440895301,40840.696172218224,No Class,826.1057131296814
997,24.21154811033503,45154.18871083925,Second Semester,1482.7048104935252
998,16.946698842889997,39342.82457069368,Second Semester,1178.02505637545
999,19.432149908412253,38806.87563413258,Second Semester,1270.920284967943
1000,20.2524279667338,46664.28240802438,No Class,840.8942510421359
